Accident_ID,Severity
1,Highly_Fatal_And_Damaging
10,Significant_Damage_And_Fatalities
14,Significant_Damage_And_Serious_Injuries
17,Highly_Fatal_And_Damaging
21,Significant_Damage_And_Fatalities
40,Significant_Damage_And_Fatalities
45,Significant_Damage_And_Fatalities
50,Highly_Fatal_And_Damaging
52,Highly_Fatal_And_Damaging
85,Significant_Damage_And_Serious_Injuries
95,Significant_Damage_And_Serious_Injuries
106,Significant_Damage_And_Serious_Injuries
111,Highly_Fatal_And_Damaging
123,Significant_Damage_And_Serious_Injuries
129,Significant_Damage_And_Fatalities
130,Significant_Damage_And_Serious_Injuries
132,Highly_Fatal_And_Damaging
137,Significant_Damage_And_Serious_Injuries
159,Minor_Damage_And_Injuries
161,Significant_Damage_And_Fatalities
162,Highly_Fatal_And_Damaging
166,Significant_Damage_And_Serious_Injuries
170,Significant_Damage_And_Fatalities
173,Highly_Fatal_And_Damaging
177,Highly_Fatal_And_Damaging
180,Significant_Damage_And_Fatalities
182,Significant_Damage_And_Fatalities
183,Highly_Fatal_And_Damaging
184,Significant_Damage_And_Fatalities
188,Significant_Damage_And_Serious_Injuries
190,Minor_Damage_And_Injuries
191,Highly_Fatal_And_Damaging
201,Minor_Damage_And_Injuries
203,Highly_Fatal_And_Damaging
206,Highly_Fatal_And_Damaging
217,Minor_Damage_And_Injuries
220,Highly_Fatal_And_Damaging
221,Minor_Damage_And_Injuries
225,Highly_Fatal_And_Damaging
229,Significant_Damage_And_Serious_Injuries
231,Minor_Damage_And_Injuries
232,Significant_Damage_And_Serious_Injuries
234,Significant_Damage_And_Fatalities
236,Significant_Damage_And_Fatalities
237,Significant_Damage_And_Fatalities
240,Highly_Fatal_And_Damaging
245,Minor_Damage_And_Injuries
250,Minor_Damage_And_Injuries
252,Highly_Fatal_And_Damaging
254,Significant_Damage_And_Serious_Injuries
261,Minor_Damage_And_Injuries
265,Significant_Damage_And_Fatalities
266,Significant_Damage_And_Fatalities
271,Highly_Fatal_And_Damaging
273,Highly_Fatal_And_Damaging
274,Minor_Damage_And_Injuries
275,Highly_Fatal_And_Damaging
280,Minor_Damage_And_Injuries
285,Highly_Fatal_And_Damaging
292,Highly_Fatal_And_Damaging
304,Minor_Damage_And_Injuries
311,Minor_Damage_And_Injuries
316,Significant_Damage_And_Fatalities
317,Highly_Fatal_And_Damaging
318,Significant_Damage_And_Serious_Injuries
321,Significant_Damage_And_Serious_Injuries
322,Highly_Fatal_And_Damaging
327,Significant_Damage_And_Fatalities
332,Significant_Damage_And_Serious_Injuries
338,Minor_Damage_And_Injuries
356,Highly_Fatal_And_Damaging
364,Highly_Fatal_And_Damaging
372,Highly_Fatal_And_Damaging
379,Significant_Damage_And_Fatalities
380,Highly_Fatal_And_Damaging
384,Highly_Fatal_And_Damaging
388,Minor_Damage_And_Injuries
390,Significant_Damage_And_Fatalities
401,Minor_Damage_And_Injuries
408,Highly_Fatal_And_Damaging
413,Highly_Fatal_And_Damaging
416,Significant_Damage_And_Serious_Injuries
426,Highly_Fatal_And_Damaging
428,Minor_Damage_And_Injuries
432,Minor_Damage_And_Injuries
433,Highly_Fatal_And_Damaging
437,Significant_Damage_And_Fatalities
440,Significant_Damage_And_Fatalities
444,Highly_Fatal_And_Damaging
447,Significant_Damage_And_Serious_Injuries
451,Minor_Damage_And_Injuries
461,Significant_Damage_And_Serious_Injuries
469,Minor_Damage_And_Injuries
470,Minor_Damage_And_Injuries
481,Minor_Damage_And_Injuries
483,Significant_Damage_And_Fatalities
490,Significant_Damage_And_Serious_Injuries
491,Significant_Damage_And_Serious_Injuries
494,Highly_Fatal_And_Damaging
495,Significant_Damage_And_Serious_Injuries
497,Highly_Fatal_And_Damaging
504,Minor_Damage_And_Injuries
509,Highly_Fatal_And_Damaging
511,Minor_Damage_And_Injuries
513,Highly_Fatal_And_Damaging
514,Significant_Damage_And_Serious_Injuries
518,Minor_Damage_And_Injuries
520,Significant_Damage_And_Serious_Injuries
526,Significant_Damage_And_Fatalities
529,Minor_Damage_And_Injuries
530,Significant_Damage_And_Serious_Injuries
532,Minor_Damage_And_Injuries
536,Highly_Fatal_And_Damaging
543,Minor_Damage_And_Injuries
553,Highly_Fatal_And_Damaging
559,Significant_Damage_And_Serious_Injuries
561,Significant_Damage_And_Fatalities
563,Highly_Fatal_And_Damaging
566,Highly_Fatal_And_Damaging
593,Significant_Damage_And_Serious_Injuries
595,Significant_Damage_And_Serious_Injuries
597,Minor_Damage_And_Injuries
602,Significant_Damage_And_Serious_Injuries
604,Highly_Fatal_And_Damaging
615,Highly_Fatal_And_Damaging
617,Highly_Fatal_And_Damaging
618,Minor_Damage_And_Injuries
622,Significant_Damage_And_Fatalities
626,Significant_Damage_And_Serious_Injuries
633,Minor_Damage_And_Injuries
636,Highly_Fatal_And_Damaging
642,Significant_Damage_And_Serious_Injuries
648,Significant_Damage_And_Serious_Injuries
651,Highly_Fatal_And_Damaging
653,Highly_Fatal_And_Damaging
658,Significant_Damage_And_Serious_Injuries
659,Minor_Damage_And_Injuries
660,Significant_Damage_And_Serious_Injuries
662,Significant_Damage_And_Serious_Injuries
665,Significant_Damage_And_Serious_Injuries
674,Minor_Damage_And_Injuries
676,Significant_Damage_And_Fatalities
682,Significant_Damage_And_Fatalities
686,Minor_Damage_And_Injuries
687,Highly_Fatal_And_Damaging
692,Minor_Damage_And_Injuries
699,Significant_Damage_And_Serious_Injuries
703,Significant_Damage_And_Serious_Injuries
706,Significant_Damage_And_Fatalities
708,Significant_Damage_And_Fatalities
714,Minor_Damage_And_Injuries
719,Minor_Damage_And_Injuries
721,Significant_Damage_And_Fatalities
725,Significant_Damage_And_Serious_Injuries
728,Significant_Damage_And_Serious_Injuries
733,Significant_Damage_And_Serious_Injuries
735,Highly_Fatal_And_Damaging
736,Significant_Damage_And_Serious_Injuries
745,Significant_Damage_And_Serious_Injuries
762,Minor_Damage_And_Injuries
768,Significant_Damage_And_Fatalities
773,Highly_Fatal_And_Damaging
777,Significant_Damage_And_Fatalities
781,Minor_Damage_And_Injuries
782,Highly_Fatal_And_Damaging
797,Minor_Damage_And_Injuries
801,Significant_Damage_And_Serious_Injuries
815,Highly_Fatal_And_Damaging
818,Highly_Fatal_And_Damaging
824,Minor_Damage_And_Injuries
832,Significant_Damage_And_Serious_Injuries
834,Minor_Damage_And_Injuries
842,Significant_Damage_And_Serious_Injuries
850,Significant_Damage_And_Serious_Injuries
855,Minor_Damage_And_Injuries
860,Highly_Fatal_And_Damaging
865,Highly_Fatal_And_Damaging
867,Minor_Damage_And_Injuries
868,Minor_Damage_And_Injuries
873,Highly_Fatal_And_Damaging
876,Highly_Fatal_And_Damaging
882,Minor_Damage_And_Injuries
886,Highly_Fatal_And_Damaging
887,Significant_Damage_And_Serious_Injuries
888,Minor_Damage_And_Injuries
889,Highly_Fatal_And_Damaging
898,Significant_Damage_And_Fatalities
902,Highly_Fatal_And_Damaging
908,Highly_Fatal_And_Damaging
909,Significant_Damage_And_Serious_Injuries
914,Significant_Damage_And_Serious_Injuries
927,Minor_Damage_And_Injuries
940,Significant_Damage_And_Fatalities
944,Significant_Damage_And_Fatalities
950,Highly_Fatal_And_Damaging
951,Highly_Fatal_And_Damaging
953,Significant_Damage_And_Fatalities
956,Significant_Damage_And_Serious_Injuries
967,Minor_Damage_And_Injuries
977,Minor_Damage_And_Injuries
978,Minor_Damage_And_Injuries
979,Significant_Damage_And_Serious_Injuries
982,Minor_Damage_And_Injuries
989,Minor_Damage_And_Injuries
990,Minor_Damage_And_Injuries
999,Highly_Fatal_And_Damaging
1005,Significant_Damage_And_Fatalities
1011,Significant_Damage_And_Serious_Injuries
1013,Minor_Damage_And_Injuries
1015,Highly_Fatal_And_Damaging
1018,Highly_Fatal_And_Damaging
1021,Highly_Fatal_And_Damaging
1022,Minor_Damage_And_Injuries
1024,Highly_Fatal_And_Damaging
1025,Significant_Damage_And_Serious_Injuries
1031,Highly_Fatal_And_Damaging
1036,Significant_Damage_And_Serious_Injuries
1048,Minor_Damage_And_Injuries
1050,Minor_Damage_And_Injuries
1055,Significant_Damage_And_Fatalities
1057,Highly_Fatal_And_Damaging
1072,Minor_Damage_And_Injuries
1075,Minor_Damage_And_Injuries
1082,Highly_Fatal_And_Damaging
1102,Significant_Damage_And_Serious_Injuries
1103,Significant_Damage_And_Serious_Injuries
1109,Minor_Damage_And_Injuries
1114,Highly_Fatal_And_Damaging
1116,Significant_Damage_And_Serious_Injuries
1123,Highly_Fatal_And_Damaging
1127,Significant_Damage_And_Fatalities
1135,Significant_Damage_And_Serious_Injuries
1143,Highly_Fatal_And_Damaging
1144,Significant_Damage_And_Serious_Injuries
1147,Highly_Fatal_And_Damaging
1149,Significant_Damage_And_Fatalities
1155,Highly_Fatal_And_Damaging
1158,Significant_Damage_And_Serious_Injuries
1160,Highly_Fatal_And_Damaging
1164,Significant_Damage_And_Fatalities
1170,Significant_Damage_And_Serious_Injuries
1175,Minor_Damage_And_Injuries
1179,Highly_Fatal_And_Damaging
1186,Significant_Damage_And_Serious_Injuries
1193,Highly_Fatal_And_Damaging
1197,Significant_Damage_And_Serious_Injuries
1198,Significant_Damage_And_Serious_Injuries
1207,Minor_Damage_And_Injuries
1213,Significant_Damage_And_Fatalities
1217,Highly_Fatal_And_Damaging
1226,Minor_Damage_And_Injuries
1227,Significant_Damage_And_Serious_Injuries
1234,Significant_Damage_And_Fatalities
1238,Minor_Damage_And_Injuries
1240,Significant_Damage_And_Serious_Injuries
1242,Significant_Damage_And_Serious_Injuries
1250,Minor_Damage_And_Injuries
1251,Highly_Fatal_And_Damaging
1256,Significant_Damage_And_Serious_Injuries
1258,Significant_Damage_And_Serious_Injuries
1269,Minor_Damage_And_Injuries
1270,Minor_Damage_And_Injuries
1271,Significant_Damage_And_Serious_Injuries
1272,Significant_Damage_And_Fatalities
1279,Minor_Damage_And_Injuries
1282,Significant_Damage_And_Serious_Injuries
1284,Highly_Fatal_And_Damaging
1285,Significant_Damage_And_Fatalities
1286,Minor_Damage_And_Injuries
1294,Minor_Damage_And_Injuries
1305,Minor_Damage_And_Injuries
1310,Highly_Fatal_And_Damaging
1312,Minor_Damage_And_Injuries
1325,Significant_Damage_And_Serious_Injuries
1333,Minor_Damage_And_Injuries
1343,Highly_Fatal_And_Damaging
1347,Significant_Damage_And_Fatalities
1348,Minor_Damage_And_Injuries
1350,Significant_Damage_And_Fatalities
1355,Minor_Damage_And_Injuries
1357,Highly_Fatal_And_Damaging
1371,Minor_Damage_And_Injuries
1378,Minor_Damage_And_Injuries
1393,Minor_Damage_And_Injuries
1398,Minor_Damage_And_Injuries
1405,Significant_Damage_And_Fatalities
1406,Minor_Damage_And_Injuries
1407,Minor_Damage_And_Injuries
1421,Significant_Damage_And_Fatalities
1431,Minor_Damage_And_Injuries
1432,Minor_Damage_And_Injuries
1437,Minor_Damage_And_Injuries
1439,Highly_Fatal_And_Damaging
1440,Minor_Damage_And_Injuries
1441,Highly_Fatal_And_Damaging
1442,Significant_Damage_And_Serious_Injuries
1448,Minor_Damage_And_Injuries
1450,Minor_Damage_And_Injuries
1453,Minor_Damage_And_Injuries
1454,Highly_Fatal_And_Damaging
1460,Significant_Damage_And_Serious_Injuries
1461,Highly_Fatal_And_Damaging
1473,Significant_Damage_And_Serious_Injuries
1481,Minor_Damage_And_Injuries
1488,Significant_Damage_And_Fatalities
1499,Significant_Damage_And_Fatalities
1502,Significant_Damage_And_Serious_Injuries
1505,Highly_Fatal_And_Damaging
1511,Significant_Damage_And_Serious_Injuries
1516,Significant_Damage_And_Serious_Injuries
1523,Highly_Fatal_And_Damaging
1527,Highly_Fatal_And_Damaging
1560,Highly_Fatal_And_Damaging
1566,Minor_Damage_And_Injuries
1567,Highly_Fatal_And_Damaging
1568,Highly_Fatal_And_Damaging
1569,Significant_Damage_And_Fatalities
1570,Highly_Fatal_And_Damaging
1576,Minor_Damage_And_Injuries
1589,Significant_Damage_And_Serious_Injuries
1592,Minor_Damage_And_Injuries
1598,Highly_Fatal_And_Damaging
1599,Highly_Fatal_And_Damaging
1600,Highly_Fatal_And_Damaging
1607,Highly_Fatal_And_Damaging
1608,Significant_Damage_And_Serious_Injuries
1611,Significant_Damage_And_Serious_Injuries
1613,Significant_Damage_And_Fatalities
1623,Significant_Damage_And_Fatalities
1647,Significant_Damage_And_Fatalities
1649,Significant_Damage_And_Serious_Injuries
1658,Highly_Fatal_And_Damaging
1662,Highly_Fatal_And_Damaging
1668,Significant_Damage_And_Serious_Injuries
1676,Significant_Damage_And_Serious_Injuries
1678,Minor_Damage_And_Injuries
1682,Highly_Fatal_And_Damaging
1690,Significant_Damage_And_Fatalities
1701,Significant_Damage_And_Fatalities
1710,Minor_Damage_And_Injuries
1723,Minor_Damage_And_Injuries
1725,Minor_Damage_And_Injuries
1747,Highly_Fatal_And_Damaging
1748,Significant_Damage_And_Serious_Injuries
1754,Highly_Fatal_And_Damaging
1756,Highly_Fatal_And_Damaging
1757,Minor_Damage_And_Injuries
1770,Minor_Damage_And_Injuries
1774,Significant_Damage_And_Serious_Injuries
1776,Significant_Damage_And_Serious_Injuries
1789,Highly_Fatal_And_Damaging
1794,Significant_Damage_And_Fatalities
1804,Significant_Damage_And_Serious_Injuries
1806,Minor_Damage_And_Injuries
1807,Minor_Damage_And_Injuries
1811,Significant_Damage_And_Serious_Injuries
1814,Minor_Damage_And_Injuries
1826,Highly_Fatal_And_Damaging
1832,Highly_Fatal_And_Damaging
1835,Minor_Damage_And_Injuries
1839,Significant_Damage_And_Fatalities
1840,Significant_Damage_And_Fatalities
1848,Significant_Damage_And_Serious_Injuries
1849,Significant_Damage_And_Fatalities
1850,Minor_Damage_And_Injuries
1854,Significant_Damage_And_Fatalities
1861,Significant_Damage_And_Fatalities
1866,Minor_Damage_And_Injuries
1868,Significant_Damage_And_Serious_Injuries
1872,Significant_Damage_And_Serious_Injuries
1875,Minor_Damage_And_Injuries
1877,Significant_Damage_And_Fatalities
1879,Significant_Damage_And_Fatalities
1880,Significant_Damage_And_Serious_Injuries
1892,Minor_Damage_And_Injuries
1896,Highly_Fatal_And_Damaging
1898,Significant_Damage_And_Fatalities
1899,Highly_Fatal_And_Damaging
1903,Significant_Damage_And_Serious_Injuries
1909,Minor_Damage_And_Injuries
1912,Highly_Fatal_And_Damaging
1920,Significant_Damage_And_Fatalities
1933,Minor_Damage_And_Injuries
1940,Minor_Damage_And_Injuries
1941,Significant_Damage_And_Serious_Injuries
1944,Highly_Fatal_And_Damaging
1946,Significant_Damage_And_Fatalities
1950,Significant_Damage_And_Serious_Injuries
1955,Minor_Damage_And_Injuries
1957,Minor_Damage_And_Injuries
1958,Minor_Damage_And_Injuries
1965,Minor_Damage_And_Injuries
1971,Minor_Damage_And_Injuries
1974,Highly_Fatal_And_Damaging
1980,Highly_Fatal_And_Damaging
1984,Significant_Damage_And_Fatalities
1990,Significant_Damage_And_Fatalities
1991,Highly_Fatal_And_Damaging
1994,Minor_Damage_And_Injuries
1997,Significant_Damage_And_Serious_Injuries
2006,Highly_Fatal_And_Damaging
2008,Highly_Fatal_And_Damaging
2013,Minor_Damage_And_Injuries
2015,Significant_Damage_And_Serious_Injuries
2016,Minor_Damage_And_Injuries
2021,Significant_Damage_And_Serious_Injuries
2023,Significant_Damage_And_Fatalities
2038,Minor_Damage_And_Injuries
2040,Significant_Damage_And_Serious_Injuries
2048,Minor_Damage_And_Injuries
2063,Significant_Damage_And_Serious_Injuries
2073,Minor_Damage_And_Injuries
2075,Minor_Damage_And_Injuries
2081,Highly_Fatal_And_Damaging
2082,Highly_Fatal_And_Damaging
2086,Significant_Damage_And_Serious_Injuries
2090,Minor_Damage_And_Injuries
2091,Highly_Fatal_And_Damaging
2094,Significant_Damage_And_Serious_Injuries
2096,Significant_Damage_And_Fatalities
2097,Highly_Fatal_And_Damaging
2101,Highly_Fatal_And_Damaging
2103,Significant_Damage_And_Serious_Injuries
2106,Minor_Damage_And_Injuries
2107,Significant_Damage_And_Fatalities
2113,Significant_Damage_And_Serious_Injuries
2122,Minor_Damage_And_Injuries
2123,Significant_Damage_And_Fatalities
2132,Minor_Damage_And_Injuries
2134,Minor_Damage_And_Injuries
2141,Significant_Damage_And_Serious_Injuries
2145,Minor_Damage_And_Injuries
2147,Significant_Damage_And_Fatalities
2149,Significant_Damage_And_Serious_Injuries
2155,Highly_Fatal_And_Damaging
2161,Significant_Damage_And_Serious_Injuries
2177,Significant_Damage_And_Serious_Injuries
2179,Significant_Damage_And_Fatalities
2182,Significant_Damage_And_Fatalities
2192,Significant_Damage_And_Serious_Injuries
2195,Significant_Damage_And_Fatalities
2196,Significant_Damage_And_Serious_Injuries
2197,Highly_Fatal_And_Damaging
2199,Highly_Fatal_And_Damaging
2204,Significant_Damage_And_Serious_Injuries
2206,Minor_Damage_And_Injuries
2212,Minor_Damage_And_Injuries
2215,Highly_Fatal_And_Damaging
2217,Significant_Damage_And_Fatalities
2220,Minor_Damage_And_Injuries
2222,Highly_Fatal_And_Damaging
2227,Significant_Damage_And_Serious_Injuries
2239,Highly_Fatal_And_Damaging
2241,Significant_Damage_And_Serious_Injuries
2246,Minor_Damage_And_Injuries
2254,Minor_Damage_And_Injuries
2255,Significant_Damage_And_Serious_Injuries
2259,Highly_Fatal_And_Damaging
2263,Highly_Fatal_And_Damaging
2264,Significant_Damage_And_Serious_Injuries
2269,Minor_Damage_And_Injuries
2281,Significant_Damage_And_Serious_Injuries
2284,Significant_Damage_And_Fatalities
2285,Significant_Damage_And_Fatalities
2292,Minor_Damage_And_Injuries
2293,Significant_Damage_And_Fatalities
2299,Highly_Fatal_And_Damaging
2301,Highly_Fatal_And_Damaging
2302,Highly_Fatal_And_Damaging
2303,Significant_Damage_And_Serious_Injuries
2307,Significant_Damage_And_Serious_Injuries
2315,Significant_Damage_And_Serious_Injuries
2316,Significant_Damage_And_Serious_Injuries
2317,Significant_Damage_And_Serious_Injuries
2320,Highly_Fatal_And_Damaging
2322,Significant_Damage_And_Fatalities
2334,Highly_Fatal_And_Damaging
2336,Minor_Damage_And_Injuries
2342,Highly_Fatal_And_Damaging
2343,Significant_Damage_And_Fatalities
2349,Significant_Damage_And_Serious_Injuries
2354,Significant_Damage_And_Fatalities
2357,Minor_Damage_And_Injuries
2364,Significant_Damage_And_Fatalities
2370,Highly_Fatal_And_Damaging
2379,Significant_Damage_And_Serious_Injuries
2389,Significant_Damage_And_Serious_Injuries
2400,Significant_Damage_And_Serious_Injuries
2402,Highly_Fatal_And_Damaging
2406,Highly_Fatal_And_Damaging
2427,Significant_Damage_And_Fatalities
2429,Significant_Damage_And_Serious_Injuries
2435,Highly_Fatal_And_Damaging
2438,Highly_Fatal_And_Damaging
2439,Highly_Fatal_And_Damaging
2449,Significant_Damage_And_Serious_Injuries
2454,Highly_Fatal_And_Damaging
2455,Significant_Damage_And_Fatalities
2462,Significant_Damage_And_Serious_Injuries
2471,Significant_Damage_And_Serious_Injuries
2472,Significant_Damage_And_Serious_Injuries
2475,Highly_Fatal_And_Damaging
2476,Significant_Damage_And_Serious_Injuries
2483,Significant_Damage_And_Serious_Injuries
2485,Significant_Damage_And_Fatalities
2488,Highly_Fatal_And_Damaging
2492,Highly_Fatal_And_Damaging
2494,Highly_Fatal_And_Damaging
2504,Significant_Damage_And_Serious_Injuries
2510,Minor_Damage_And_Injuries
2516,Significant_Damage_And_Serious_Injuries
2517,Minor_Damage_And_Injuries
2519,Highly_Fatal_And_Damaging
2527,Minor_Damage_And_Injuries
2529,Minor_Damage_And_Injuries
2540,Minor_Damage_And_Injuries
2546,Minor_Damage_And_Injuries
2553,Minor_Damage_And_Injuries
2554,Highly_Fatal_And_Damaging
2558,Highly_Fatal_And_Damaging
2572,Significant_Damage_And_Fatalities
2585,Highly_Fatal_And_Damaging
2587,Significant_Damage_And_Serious_Injuries
2597,Significant_Damage_And_Fatalities
2599,Minor_Damage_And_Injuries
2600,Highly_Fatal_And_Damaging
2601,Significant_Damage_And_Fatalities
2608,Minor_Damage_And_Injuries
2613,Minor_Damage_And_Injuries
2616,Minor_Damage_And_Injuries
2619,Minor_Damage_And_Injuries
2620,Minor_Damage_And_Injuries
2621,Minor_Damage_And_Injuries
2622,Minor_Damage_And_Injuries
2623,Significant_Damage_And_Serious_Injuries
2634,Minor_Damage_And_Injuries
2636,Highly_Fatal_And_Damaging
2640,Minor_Damage_And_Injuries
2643,Significant_Damage_And_Fatalities
2646,Highly_Fatal_And_Damaging
2651,Highly_Fatal_And_Damaging
2653,Significant_Damage_And_Serious_Injuries
2654,Highly_Fatal_And_Damaging
2657,Significant_Damage_And_Fatalities
2658,Significant_Damage_And_Fatalities
2664,Minor_Damage_And_Injuries
2667,Highly_Fatal_And_Damaging
2668,Significant_Damage_And_Serious_Injuries
2680,Minor_Damage_And_Injuries
2682,Minor_Damage_And_Injuries
2692,Significant_Damage_And_Serious_Injuries
2693,Highly_Fatal_And_Damaging
2695,Highly_Fatal_And_Damaging
2697,Significant_Damage_And_Fatalities
2698,Significant_Damage_And_Fatalities
2703,Minor_Damage_And_Injuries
2718,Significant_Damage_And_Serious_Injuries
2728,Highly_Fatal_And_Damaging
2729,Highly_Fatal_And_Damaging
2736,Significant_Damage_And_Serious_Injuries
2737,Minor_Damage_And_Injuries
2738,Significant_Damage_And_Serious_Injuries
2739,Highly_Fatal_And_Damaging
2746,Minor_Damage_And_Injuries
2750,Highly_Fatal_And_Damaging
2755,Significant_Damage_And_Serious_Injuries
2764,Significant_Damage_And_Fatalities
2767,Highly_Fatal_And_Damaging
2769,Significant_Damage_And_Fatalities
2772,Significant_Damage_And_Serious_Injuries
2777,Significant_Damage_And_Fatalities
2778,Significant_Damage_And_Fatalities
2779,Highly_Fatal_And_Damaging
2780,Significant_Damage_And_Fatalities
2785,Significant_Damage_And_Serious_Injuries
2793,Significant_Damage_And_Serious_Injuries
2801,Significant_Damage_And_Fatalities
2814,Significant_Damage_And_Serious_Injuries
2821,Highly_Fatal_And_Damaging
2828,Highly_Fatal_And_Damaging
2834,Minor_Damage_And_Injuries
2844,Minor_Damage_And_Injuries
2848,Significant_Damage_And_Serious_Injuries
2850,Highly_Fatal_And_Damaging
2852,Highly_Fatal_And_Damaging
2860,Highly_Fatal_And_Damaging
2861,Significant_Damage_And_Serious_Injuries
2864,Highly_Fatal_And_Damaging
2868,Highly_Fatal_And_Damaging
2886,Highly_Fatal_And_Damaging
2887,Significant_Damage_And_Serious_Injuries
2890,Minor_Damage_And_Injuries
2892,Significant_Damage_And_Serious_Injuries
2907,Minor_Damage_And_Injuries
2908,Significant_Damage_And_Serious_Injuries
2909,Significant_Damage_And_Serious_Injuries
2914,Minor_Damage_And_Injuries
2917,Minor_Damage_And_Injuries
2923,Highly_Fatal_And_Damaging
2924,Significant_Damage_And_Fatalities
2934,Highly_Fatal_And_Damaging
2937,Significant_Damage_And_Serious_Injuries
2945,Significant_Damage_And_Serious_Injuries
2948,Significant_Damage_And_Serious_Injuries
2950,Minor_Damage_And_Injuries
2953,Significant_Damage_And_Serious_Injuries
2955,Highly_Fatal_And_Damaging
2959,Significant_Damage_And_Serious_Injuries
2971,Significant_Damage_And_Serious_Injuries
2974,Significant_Damage_And_Serious_Injuries
2987,Highly_Fatal_And_Damaging
2994,Significant_Damage_And_Fatalities
2995,Minor_Damage_And_Injuries
3003,Minor_Damage_And_Injuries
3013,Highly_Fatal_And_Damaging
3014,Significant_Damage_And_Fatalities
3015,Minor_Damage_And_Injuries
3028,Highly_Fatal_And_Damaging
3041,Significant_Damage_And_Serious_Injuries
3053,Highly_Fatal_And_Damaging
3057,Significant_Damage_And_Serious_Injuries
3059,Significant_Damage_And_Fatalities
3060,Highly_Fatal_And_Damaging
3069,Highly_Fatal_And_Damaging
3071,Minor_Damage_And_Injuries
3072,Minor_Damage_And_Injuries
3082,Significant_Damage_And_Fatalities
3084,Highly_Fatal_And_Damaging
3086,Minor_Damage_And_Injuries
3098,Significant_Damage_And_Serious_Injuries
3100,Significant_Damage_And_Serious_Injuries
3102,Significant_Damage_And_Fatalities
3110,Minor_Damage_And_Injuries
3111,Highly_Fatal_And_Damaging
3118,Minor_Damage_And_Injuries
3119,Minor_Damage_And_Injuries
3125,Significant_Damage_And_Fatalities
3133,Highly_Fatal_And_Damaging
3136,Minor_Damage_And_Injuries
3141,Significant_Damage_And_Fatalities
3149,Minor_Damage_And_Injuries
3150,Highly_Fatal_And_Damaging
3155,Significant_Damage_And_Fatalities
3156,Significant_Damage_And_Fatalities
3160,Significant_Damage_And_Serious_Injuries
3163,Minor_Damage_And_Injuries
3175,Highly_Fatal_And_Damaging
3180,Highly_Fatal_And_Damaging
3188,Significant_Damage_And_Fatalities
3192,Highly_Fatal_And_Damaging
3193,Significant_Damage_And_Serious_Injuries
3197,Minor_Damage_And_Injuries
3201,Minor_Damage_And_Injuries
3204,Significant_Damage_And_Fatalities
3206,Highly_Fatal_And_Damaging
3210,Minor_Damage_And_Injuries
3212,Significant_Damage_And_Fatalities
3216,Highly_Fatal_And_Damaging
3239,Highly_Fatal_And_Damaging
3240,Minor_Damage_And_Injuries
3246,Minor_Damage_And_Injuries
3247,Minor_Damage_And_Injuries
3252,Significant_Damage_And_Serious_Injuries
3259,Minor_Damage_And_Injuries
3262,Highly_Fatal_And_Damaging
3264,Highly_Fatal_And_Damaging
3275,Significant_Damage_And_Serious_Injuries
3280,Significant_Damage_And_Fatalities
3282,Highly_Fatal_And_Damaging
3289,Significant_Damage_And_Fatalities
3294,Significant_Damage_And_Serious_Injuries
3297,Significant_Damage_And_Fatalities
3299,Significant_Damage_And_Serious_Injuries
3302,Significant_Damage_And_Serious_Injuries
3308,Highly_Fatal_And_Damaging
3311,Significant_Damage_And_Serious_Injuries
3315,Minor_Damage_And_Injuries
3317,Minor_Damage_And_Injuries
3319,Significant_Damage_And_Fatalities
3326,Highly_Fatal_And_Damaging
3330,Significant_Damage_And_Serious_Injuries
3331,Minor_Damage_And_Injuries
3333,Minor_Damage_And_Injuries
3337,Minor_Damage_And_Injuries
3344,Minor_Damage_And_Injuries
3359,Minor_Damage_And_Injuries
3369,Highly_Fatal_And_Damaging
3372,Significant_Damage_And_Fatalities
3373,Minor_Damage_And_Injuries
3374,Minor_Damage_And_Injuries
3384,Significant_Damage_And_Serious_Injuries
3385,Significant_Damage_And_Serious_Injuries
3395,Significant_Damage_And_Fatalities
3399,Minor_Damage_And_Injuries
3401,Significant_Damage_And_Fatalities
3406,Significant_Damage_And_Serious_Injuries
3410,Significant_Damage_And_Fatalities
3420,Minor_Damage_And_Injuries
3422,Highly_Fatal_And_Damaging
3428,Significant_Damage_And_Serious_Injuries
3431,Highly_Fatal_And_Damaging
3434,Significant_Damage_And_Fatalities
3436,Significant_Damage_And_Serious_Injuries
3440,Significant_Damage_And_Serious_Injuries
3443,Significant_Damage_And_Fatalities
3451,Significant_Damage_And_Serious_Injuries
3454,Significant_Damage_And_Fatalities
3455,Significant_Damage_And_Serious_Injuries
3456,Significant_Damage_And_Serious_Injuries
3462,Significant_Damage_And_Serious_Injuries
3463,Highly_Fatal_And_Damaging
3464,Minor_Damage_And_Injuries
3470,Minor_Damage_And_Injuries
3477,Significant_Damage_And_Serious_Injuries
3485,Minor_Damage_And_Injuries
3486,Minor_Damage_And_Injuries
3489,Significant_Damage_And_Serious_Injuries
3490,Significant_Damage_And_Serious_Injuries
3501,Minor_Damage_And_Injuries
3503,Significant_Damage_And_Fatalities
3510,Significant_Damage_And_Fatalities
3517,Highly_Fatal_And_Damaging
3518,Highly_Fatal_And_Damaging
3525,Highly_Fatal_And_Damaging
3526,Minor_Damage_And_Injuries
3530,Significant_Damage_And_Fatalities
3532,Minor_Damage_And_Injuries
3546,Significant_Damage_And_Fatalities
3548,Significant_Damage_And_Serious_Injuries
3568,Significant_Damage_And_Serious_Injuries
3571,Minor_Damage_And_Injuries
3573,Highly_Fatal_And_Damaging
3577,Highly_Fatal_And_Damaging
3587,Minor_Damage_And_Injuries
3596,Minor_Damage_And_Injuries
3604,Significant_Damage_And_Serious_Injuries
3606,Significant_Damage_And_Fatalities
3613,Significant_Damage_And_Fatalities
3620,Significant_Damage_And_Fatalities
3632,Minor_Damage_And_Injuries
3638,Minor_Damage_And_Injuries
3640,Significant_Damage_And_Serious_Injuries
3643,Significant_Damage_And_Fatalities
3644,Significant_Damage_And_Serious_Injuries
3645,Highly_Fatal_And_Damaging
3648,Highly_Fatal_And_Damaging
3657,Highly_Fatal_And_Damaging
3665,Significant_Damage_And_Serious_Injuries
3670,Highly_Fatal_And_Damaging
3674,Significant_Damage_And_Serious_Injuries
3686,Highly_Fatal_And_Damaging
3687,Highly_Fatal_And_Damaging
3692,Minor_Damage_And_Injuries
3694,Highly_Fatal_And_Damaging
3698,Significant_Damage_And_Fatalities
3701,Significant_Damage_And_Fatalities
3725,Highly_Fatal_And_Damaging
3728,Significant_Damage_And_Serious_Injuries
3729,Minor_Damage_And_Injuries
3733,Significant_Damage_And_Serious_Injuries
3743,Significant_Damage_And_Serious_Injuries
3746,Significant_Damage_And_Fatalities
3747,Significant_Damage_And_Serious_Injuries
3748,Significant_Damage_And_Serious_Injuries
3749,Minor_Damage_And_Injuries
3752,Highly_Fatal_And_Damaging
3760,Minor_Damage_And_Injuries
3761,Highly_Fatal_And_Damaging
3762,Highly_Fatal_And_Damaging
3765,Highly_Fatal_And_Damaging
3767,Significant_Damage_And_Fatalities
3775,Minor_Damage_And_Injuries
3780,Significant_Damage_And_Serious_Injuries
3790,Significant_Damage_And_Serious_Injuries
3794,Highly_Fatal_And_Damaging
3795,Highly_Fatal_And_Damaging
3806,Highly_Fatal_And_Damaging
3807,Significant_Damage_And_Serious_Injuries
3809,Minor_Damage_And_Injuries
3810,Minor_Damage_And_Injuries
3811,Minor_Damage_And_Injuries
3812,Significant_Damage_And_Serious_Injuries
3818,Minor_Damage_And_Injuries
3820,Highly_Fatal_And_Damaging
3821,Highly_Fatal_And_Damaging
3827,Minor_Damage_And_Injuries
3835,Significant_Damage_And_Serious_Injuries
3836,Significant_Damage_And_Serious_Injuries
3839,Significant_Damage_And_Serious_Injuries
3841,Significant_Damage_And_Fatalities
3842,Highly_Fatal_And_Damaging
3845,Significant_Damage_And_Fatalities
3854,Significant_Damage_And_Serious_Injuries
3855,Significant_Damage_And_Serious_Injuries
3856,Highly_Fatal_And_Damaging
3863,Significant_Damage_And_Serious_Injuries
3865,Minor_Damage_And_Injuries
3878,Highly_Fatal_And_Damaging
3887,Minor_Damage_And_Injuries
3888,Significant_Damage_And_Fatalities
3889,Highly_Fatal_And_Damaging
3892,Minor_Damage_And_Injuries
3897,Significant_Damage_And_Serious_Injuries
3911,Significant_Damage_And_Serious_Injuries
3912,Significant_Damage_And_Fatalities
3914,Significant_Damage_And_Fatalities
3928,Minor_Damage_And_Injuries
3929,Highly_Fatal_And_Damaging
3933,Minor_Damage_And_Injuries
3941,Significant_Damage_And_Serious_Injuries
3943,Minor_Damage_And_Injuries
3954,Minor_Damage_And_Injuries
3960,Minor_Damage_And_Injuries
3962,Highly_Fatal_And_Damaging
3965,Highly_Fatal_And_Damaging
3967,Significant_Damage_And_Serious_Injuries
3968,Significant_Damage_And_Serious_Injuries
3980,Highly_Fatal_And_Damaging
3987,Highly_Fatal_And_Damaging
3989,Highly_Fatal_And_Damaging
3990,Highly_Fatal_And_Damaging
3997,Highly_Fatal_And_Damaging
4000,Significant_Damage_And_Serious_Injuries
4002,Highly_Fatal_And_Damaging
4006,Highly_Fatal_And_Damaging
4007,Highly_Fatal_And_Damaging
4019,Significant_Damage_And_Serious_Injuries
4024,Highly_Fatal_And_Damaging
4026,Minor_Damage_And_Injuries
4027,Highly_Fatal_And_Damaging
4032,Highly_Fatal_And_Damaging
4039,Minor_Damage_And_Injuries
4040,Significant_Damage_And_Serious_Injuries
4047,Highly_Fatal_And_Damaging
4048,Highly_Fatal_And_Damaging
4049,Significant_Damage_And_Serious_Injuries
4050,Minor_Damage_And_Injuries
4061,Significant_Damage_And_Serious_Injuries
4062,Minor_Damage_And_Injuries
4063,Significant_Damage_And_Serious_Injuries
4070,Highly_Fatal_And_Damaging
4090,Minor_Damage_And_Injuries
4094,Minor_Damage_And_Injuries
4098,Highly_Fatal_And_Damaging
4099,Minor_Damage_And_Injuries
4100,Significant_Damage_And_Serious_Injuries
4108,Significant_Damage_And_Serious_Injuries
4120,Significant_Damage_And_Serious_Injuries
4129,Highly_Fatal_And_Damaging
4133,Highly_Fatal_And_Damaging
4134,Highly_Fatal_And_Damaging
4136,Highly_Fatal_And_Damaging
4139,Highly_Fatal_And_Damaging
4148,Highly_Fatal_And_Damaging
4152,Minor_Damage_And_Injuries
4153,Significant_Damage_And_Serious_Injuries
4157,Highly_Fatal_And_Damaging
4162,Highly_Fatal_And_Damaging
4169,Minor_Damage_And_Injuries
4176,Highly_Fatal_And_Damaging
4181,Significant_Damage_And_Serious_Injuries
4189,Significant_Damage_And_Fatalities
4192,Significant_Damage_And_Fatalities
4198,Significant_Damage_And_Fatalities
4207,Significant_Damage_And_Fatalities
4208,Significant_Damage_And_Serious_Injuries
4211,Highly_Fatal_And_Damaging
4218,Minor_Damage_And_Injuries
4223,Highly_Fatal_And_Damaging
4232,Minor_Damage_And_Injuries
4234,Significant_Damage_And_Serious_Injuries
4246,Highly_Fatal_And_Damaging
4253,Significant_Damage_And_Fatalities
4254,Highly_Fatal_And_Damaging
4255,Minor_Damage_And_Injuries
4260,Significant_Damage_And_Fatalities
4267,Minor_Damage_And_Injuries
4274,Highly_Fatal_And_Damaging
4275,Highly_Fatal_And_Damaging
4278,Highly_Fatal_And_Damaging
4281,Highly_Fatal_And_Damaging
4293,Minor_Damage_And_Injuries
4294,Highly_Fatal_And_Damaging
4300,Significant_Damage_And_Serious_Injuries
4307,Significant_Damage_And_Fatalities
4310,Significant_Damage_And_Serious_Injuries
4311,Significant_Damage_And_Serious_Injuries
4315,Significant_Damage_And_Serious_Injuries
4330,Minor_Damage_And_Injuries
4333,Highly_Fatal_And_Damaging
4340,Minor_Damage_And_Injuries
4352,Significant_Damage_And_Fatalities
4360,Significant_Damage_And_Fatalities
4365,Highly_Fatal_And_Damaging
4367,Significant_Damage_And_Serious_Injuries
4376,Highly_Fatal_And_Damaging
4378,Significant_Damage_And_Fatalities
4385,Significant_Damage_And_Serious_Injuries
4405,Highly_Fatal_And_Damaging
4413,Highly_Fatal_And_Damaging
4414,Significant_Damage_And_Fatalities
4426,Minor_Damage_And_Injuries
4430,Significant_Damage_And_Fatalities
4431,Minor_Damage_And_Injuries
4438,Significant_Damage_And_Fatalities
4439,Minor_Damage_And_Injuries
4441,Significant_Damage_And_Serious_Injuries
4443,Minor_Damage_And_Injuries
4449,Significant_Damage_And_Serious_Injuries
4453,Minor_Damage_And_Injuries
4456,Highly_Fatal_And_Damaging
4457,Minor_Damage_And_Injuries
4459,Minor_Damage_And_Injuries
4461,Significant_Damage_And_Serious_Injuries
4464,Significant_Damage_And_Serious_Injuries
4468,Significant_Damage_And_Serious_Injuries
4476,Highly_Fatal_And_Damaging
4480,Minor_Damage_And_Injuries
4482,Significant_Damage_And_Serious_Injuries
4491,Significant_Damage_And_Fatalities
4493,Significant_Damage_And_Serious_Injuries
4494,Minor_Damage_And_Injuries
4495,Significant_Damage_And_Fatalities
4496,Significant_Damage_And_Serious_Injuries
4503,Significant_Damage_And_Serious_Injuries
4505,Highly_Fatal_And_Damaging
4506,Highly_Fatal_And_Damaging
4512,Highly_Fatal_And_Damaging
4516,Minor_Damage_And_Injuries
4518,Highly_Fatal_And_Damaging
4521,Significant_Damage_And_Serious_Injuries
4522,Highly_Fatal_And_Damaging
4529,Minor_Damage_And_Injuries
4530,Minor_Damage_And_Injuries
4536,Minor_Damage_And_Injuries
4539,Minor_Damage_And_Injuries
4543,Significant_Damage_And_Serious_Injuries
4546,Significant_Damage_And_Fatalities
4547,Minor_Damage_And_Injuries
4550,Significant_Damage_And_Serious_Injuries
4564,Highly_Fatal_And_Damaging
4571,Significant_Damage_And_Serious_Injuries
4583,Significant_Damage_And_Fatalities
4592,Highly_Fatal_And_Damaging
4594,Significant_Damage_And_Serious_Injuries
4597,Significant_Damage_And_Serious_Injuries
4598,Minor_Damage_And_Injuries
4614,Significant_Damage_And_Serious_Injuries
4617,Significant_Damage_And_Serious_Injuries
4621,Minor_Damage_And_Injuries
4630,Significant_Damage_And_Serious_Injuries
4634,Significant_Damage_And_Fatalities
4638,Highly_Fatal_And_Damaging
4639,Significant_Damage_And_Fatalities
4645,Highly_Fatal_And_Damaging
4650,Minor_Damage_And_Injuries
4651,Highly_Fatal_And_Damaging
4654,Significant_Damage_And_Fatalities
4656,Significant_Damage_And_Fatalities
4660,Highly_Fatal_And_Damaging
4665,Significant_Damage_And_Fatalities
4670,Highly_Fatal_And_Damaging
4671,Highly_Fatal_And_Damaging
4679,Highly_Fatal_And_Damaging
4682,Significant_Damage_And_Fatalities
4684,Minor_Damage_And_Injuries
4688,Minor_Damage_And_Injuries
4693,Highly_Fatal_And_Damaging
4712,Significant_Damage_And_Fatalities
4714,Significant_Damage_And_Serious_Injuries
4721,Highly_Fatal_And_Damaging
4722,Highly_Fatal_And_Damaging
4724,Minor_Damage_And_Injuries
4726,Minor_Damage_And_Injuries
4728,Significant_Damage_And_Fatalities
4730,Minor_Damage_And_Injuries
4735,Significant_Damage_And_Fatalities
4741,Minor_Damage_And_Injuries
4742,Significant_Damage_And_Fatalities
4744,Minor_Damage_And_Injuries
4746,Highly_Fatal_And_Damaging
4757,Minor_Damage_And_Injuries
4761,Highly_Fatal_And_Damaging
4770,Significant_Damage_And_Serious_Injuries
4772,Significant_Damage_And_Fatalities
4773,Significant_Damage_And_Serious_Injuries
4780,Highly_Fatal_And_Damaging
4783,Highly_Fatal_And_Damaging
4785,Highly_Fatal_And_Damaging
4786,Highly_Fatal_And_Damaging
4787,Significant_Damage_And_Serious_Injuries
4793,Highly_Fatal_And_Damaging
4794,Highly_Fatal_And_Damaging
4808,Significant_Damage_And_Serious_Injuries
4811,Significant_Damage_And_Fatalities
4831,Significant_Damage_And_Fatalities
4832,Significant_Damage_And_Serious_Injuries
4836,Highly_Fatal_And_Damaging
4839,Significant_Damage_And_Serious_Injuries
4842,Significant_Damage_And_Serious_Injuries
4846,Minor_Damage_And_Injuries
4855,Significant_Damage_And_Fatalities
4856,Minor_Damage_And_Injuries
4859,Minor_Damage_And_Injuries
4862,Significant_Damage_And_Serious_Injuries
4869,Highly_Fatal_And_Damaging
4877,Highly_Fatal_And_Damaging
4878,Significant_Damage_And_Serious_Injuries
4887,Significant_Damage_And_Serious_Injuries
4892,Minor_Damage_And_Injuries
4913,Highly_Fatal_And_Damaging
4914,Highly_Fatal_And_Damaging
4926,Highly_Fatal_And_Damaging
4940,Highly_Fatal_And_Damaging
4944,Minor_Damage_And_Injuries
4959,Significant_Damage_And_Serious_Injuries
4966,Significant_Damage_And_Serious_Injuries
4972,Minor_Damage_And_Injuries
4978,Highly_Fatal_And_Damaging
4981,Significant_Damage_And_Serious_Injuries
4985,Highly_Fatal_And_Damaging
4992,Highly_Fatal_And_Damaging
4998,Significant_Damage_And_Fatalities
5000,Highly_Fatal_And_Damaging
5001,Highly_Fatal_And_Damaging
5004,Significant_Damage_And_Serious_Injuries
5005,Highly_Fatal_And_Damaging
5016,Minor_Damage_And_Injuries
5020,Significant_Damage_And_Serious_Injuries
5021,Minor_Damage_And_Injuries
5041,Minor_Damage_And_Injuries
5045,Significant_Damage_And_Fatalities
5052,Minor_Damage_And_Injuries
5063,Minor_Damage_And_Injuries
5072,Highly_Fatal_And_Damaging
5074,Highly_Fatal_And_Damaging
5080,Minor_Damage_And_Injuries
5087,Highly_Fatal_And_Damaging
5094,Significant_Damage_And_Serious_Injuries
5099,Significant_Damage_And_Serious_Injuries
5100,Highly_Fatal_And_Damaging
5109,Highly_Fatal_And_Damaging
5111,Significant_Damage_And_Fatalities
5115,Highly_Fatal_And_Damaging
5117,Highly_Fatal_And_Damaging
5119,Significant_Damage_And_Fatalities
5125,Highly_Fatal_And_Damaging
5126,Significant_Damage_And_Fatalities
5127,Highly_Fatal_And_Damaging
5142,Minor_Damage_And_Injuries
5149,Significant_Damage_And_Fatalities
5160,Significant_Damage_And_Serious_Injuries
5163,Highly_Fatal_And_Damaging
5170,Highly_Fatal_And_Damaging
5175,Significant_Damage_And_Serious_Injuries
5184,Highly_Fatal_And_Damaging
5187,Significant_Damage_And_Serious_Injuries
5189,Significant_Damage_And_Serious_Injuries
5200,Minor_Damage_And_Injuries
5202,Minor_Damage_And_Injuries
5203,Significant_Damage_And_Fatalities
5206,Minor_Damage_And_Injuries
5218,Significant_Damage_And_Serious_Injuries
5224,Significant_Damage_And_Fatalities
5226,Significant_Damage_And_Fatalities
5230,Significant_Damage_And_Fatalities
5231,Significant_Damage_And_Fatalities
5232,Significant_Damage_And_Serious_Injuries
5234,Highly_Fatal_And_Damaging
5239,Significant_Damage_And_Fatalities
5244,Significant_Damage_And_Serious_Injuries
5245,Minor_Damage_And_Injuries
5246,Highly_Fatal_And_Damaging
5253,Highly_Fatal_And_Damaging
5262,Significant_Damage_And_Serious_Injuries
5268,Highly_Fatal_And_Damaging
5271,Significant_Damage_And_Serious_Injuries
5275,Significant_Damage_And_Fatalities
5277,Significant_Damage_And_Serious_Injuries
5278,Significant_Damage_And_Fatalities
5283,Highly_Fatal_And_Damaging
5284,Highly_Fatal_And_Damaging
5285,Highly_Fatal_And_Damaging
5288,Highly_Fatal_And_Damaging
5329,Minor_Damage_And_Injuries
5336,Significant_Damage_And_Fatalities
5339,Significant_Damage_And_Fatalities
5340,Minor_Damage_And_Injuries
5342,Significant_Damage_And_Fatalities
5350,Significant_Damage_And_Fatalities
5359,Significant_Damage_And_Fatalities
5376,Minor_Damage_And_Injuries
5387,Minor_Damage_And_Injuries
5399,Significant_Damage_And_Serious_Injuries
5401,Significant_Damage_And_Serious_Injuries
5423,Significant_Damage_And_Serious_Injuries
5425,Significant_Damage_And_Serious_Injuries
5433,Significant_Damage_And_Serious_Injuries
5445,Minor_Damage_And_Injuries
5451,Significant_Damage_And_Fatalities
5452,Minor_Damage_And_Injuries
5461,Highly_Fatal_And_Damaging
5464,Significant_Damage_And_Serious_Injuries
5465,Significant_Damage_And_Serious_Injuries
5466,Significant_Damage_And_Serious_Injuries
5471,Minor_Damage_And_Injuries
5481,Highly_Fatal_And_Damaging
5482,Minor_Damage_And_Injuries
5485,Highly_Fatal_And_Damaging
5489,Highly_Fatal_And_Damaging
5497,Highly_Fatal_And_Damaging
5505,Highly_Fatal_And_Damaging
5508,Minor_Damage_And_Injuries
5510,Minor_Damage_And_Injuries
5519,Highly_Fatal_And_Damaging
5531,Highly_Fatal_And_Damaging
5536,Minor_Damage_And_Injuries
5537,Significant_Damage_And_Fatalities
5538,Significant_Damage_And_Serious_Injuries
5547,Highly_Fatal_And_Damaging
5554,Significant_Damage_And_Serious_Injuries
5561,Minor_Damage_And_Injuries
5563,Significant_Damage_And_Serious_Injuries
5568,Significant_Damage_And_Serious_Injuries
5573,Significant_Damage_And_Serious_Injuries
5579,Significant_Damage_And_Serious_Injuries
5583,Significant_Damage_And_Fatalities
5584,Minor_Damage_And_Injuries
5586,Significant_Damage_And_Fatalities
5589,Significant_Damage_And_Fatalities
5595,Significant_Damage_And_Serious_Injuries
5601,Significant_Damage_And_Serious_Injuries
5603,Minor_Damage_And_Injuries
5610,Minor_Damage_And_Injuries
5618,Significant_Damage_And_Fatalities
5622,Minor_Damage_And_Injuries
5623,Highly_Fatal_And_Damaging
5625,Minor_Damage_And_Injuries
5630,Significant_Damage_And_Serious_Injuries
5637,Highly_Fatal_And_Damaging
5640,Significant_Damage_And_Fatalities
5642,Significant_Damage_And_Fatalities
5643,Significant_Damage_And_Serious_Injuries
5648,Significant_Damage_And_Serious_Injuries
5653,Significant_Damage_And_Serious_Injuries
5656,Highly_Fatal_And_Damaging
5666,Highly_Fatal_And_Damaging
5676,Highly_Fatal_And_Damaging
5680,Minor_Damage_And_Injuries
5690,Minor_Damage_And_Injuries
5700,Significant_Damage_And_Fatalities
5702,Significant_Damage_And_Serious_Injuries
5708,Minor_Damage_And_Injuries
5709,Significant_Damage_And_Fatalities
5714,Significant_Damage_And_Serious_Injuries
5723,Highly_Fatal_And_Damaging
5729,Highly_Fatal_And_Damaging
5736,Significant_Damage_And_Serious_Injuries
5744,Significant_Damage_And_Fatalities
5750,Minor_Damage_And_Injuries
5751,Significant_Damage_And_Fatalities
5752,Significant_Damage_And_Fatalities
5753,Minor_Damage_And_Injuries
5757,Minor_Damage_And_Injuries
5760,Significant_Damage_And_Serious_Injuries
5768,Significant_Damage_And_Serious_Injuries
5772,Significant_Damage_And_Fatalities
5788,Highly_Fatal_And_Damaging
5795,Highly_Fatal_And_Damaging
5800,Highly_Fatal_And_Damaging
5806,Significant_Damage_And_Serious_Injuries
5809,Highly_Fatal_And_Damaging
5810,Highly_Fatal_And_Damaging
5819,Significant_Damage_And_Serious_Injuries
5822,Significant_Damage_And_Serious_Injuries
5826,Significant_Damage_And_Serious_Injuries
5829,Minor_Damage_And_Injuries
5831,Significant_Damage_And_Serious_Injuries
5833,Highly_Fatal_And_Damaging
5837,Highly_Fatal_And_Damaging
5840,Significant_Damage_And_Fatalities
5848,Highly_Fatal_And_Damaging
5852,Significant_Damage_And_Fatalities
5868,Highly_Fatal_And_Damaging
5874,Highly_Fatal_And_Damaging
5876,Highly_Fatal_And_Damaging
5883,Significant_Damage_And_Serious_Injuries
5888,Highly_Fatal_And_Damaging
5889,Highly_Fatal_And_Damaging
5898,Highly_Fatal_And_Damaging
5899,Significant_Damage_And_Serious_Injuries
5903,Highly_Fatal_And_Damaging
5906,Significant_Damage_And_Fatalities
5907,Minor_Damage_And_Injuries
5914,Highly_Fatal_And_Damaging
5919,Highly_Fatal_And_Damaging
5928,Minor_Damage_And_Injuries
5930,Minor_Damage_And_Injuries
5936,Significant_Damage_And_Serious_Injuries
5948,Highly_Fatal_And_Damaging
5950,Highly_Fatal_And_Damaging
5951,Highly_Fatal_And_Damaging
5954,Highly_Fatal_And_Damaging
5958,Highly_Fatal_And_Damaging
5964,Highly_Fatal_And_Damaging
5972,Highly_Fatal_And_Damaging
5979,Highly_Fatal_And_Damaging
5983,Significant_Damage_And_Fatalities
5984,Significant_Damage_And_Fatalities
5993,Significant_Damage_And_Serious_Injuries
5997,Highly_Fatal_And_Damaging
6006,Significant_Damage_And_Serious_Injuries
6014,Highly_Fatal_And_Damaging
6018,Significant_Damage_And_Serious_Injuries
6019,Minor_Damage_And_Injuries
6020,Minor_Damage_And_Injuries
6023,Significant_Damage_And_Serious_Injuries
6026,Significant_Damage_And_Fatalities
6030,Significant_Damage_And_Serious_Injuries
6036,Highly_Fatal_And_Damaging
6041,Significant_Damage_And_Serious_Injuries
6042,Highly_Fatal_And_Damaging
6044,Highly_Fatal_And_Damaging
6053,Highly_Fatal_And_Damaging
6055,Significant_Damage_And_Fatalities
6056,Significant_Damage_And_Serious_Injuries
6063,Minor_Damage_And_Injuries
6064,Significant_Damage_And_Serious_Injuries
6072,Significant_Damage_And_Serious_Injuries
6074,Minor_Damage_And_Injuries
6075,Minor_Damage_And_Injuries
6078,Significant_Damage_And_Fatalities
6080,Highly_Fatal_And_Damaging
6081,Significant_Damage_And_Serious_Injuries
6082,Minor_Damage_And_Injuries
6085,Highly_Fatal_And_Damaging
6095,Highly_Fatal_And_Damaging
6098,Minor_Damage_And_Injuries
6104,Significant_Damage_And_Fatalities
6113,Significant_Damage_And_Fatalities
6114,Significant_Damage_And_Serious_Injuries
6120,Highly_Fatal_And_Damaging
6121,Significant_Damage_And_Serious_Injuries
6122,Significant_Damage_And_Fatalities
6125,Highly_Fatal_And_Damaging
6137,Highly_Fatal_And_Damaging
6139,Highly_Fatal_And_Damaging
6147,Significant_Damage_And_Serious_Injuries
6150,Minor_Damage_And_Injuries
6157,Significant_Damage_And_Serious_Injuries
6162,Minor_Damage_And_Injuries
6167,Minor_Damage_And_Injuries
6170,Minor_Damage_And_Injuries
6178,Minor_Damage_And_Injuries
6185,Minor_Damage_And_Injuries
6187,Significant_Damage_And_Fatalities
6188,Significant_Damage_And_Serious_Injuries
6189,Minor_Damage_And_Injuries
6190,Highly_Fatal_And_Damaging
6204,Significant_Damage_And_Serious_Injuries
6206,Significant_Damage_And_Serious_Injuries
6208,Minor_Damage_And_Injuries
6212,Significant_Damage_And_Fatalities
6215,Significant_Damage_And_Serious_Injuries
6221,Minor_Damage_And_Injuries
6234,Significant_Damage_And_Serious_Injuries
6240,Minor_Damage_And_Injuries
6241,Highly_Fatal_And_Damaging
6242,Significant_Damage_And_Serious_Injuries
6247,Highly_Fatal_And_Damaging
6250,Minor_Damage_And_Injuries
6255,Highly_Fatal_And_Damaging
6257,Significant_Damage_And_Fatalities
6259,Highly_Fatal_And_Damaging
6260,Significant_Damage_And_Fatalities
6261,Significant_Damage_And_Serious_Injuries
6264,Minor_Damage_And_Injuries
6266,Highly_Fatal_And_Damaging
6274,Significant_Damage_And_Serious_Injuries
6277,Significant_Damage_And_Fatalities
6287,Minor_Damage_And_Injuries
6290,Significant_Damage_And_Serious_Injuries
6296,Significant_Damage_And_Fatalities
6301,Significant_Damage_And_Serious_Injuries
6302,Significant_Damage_And_Serious_Injuries
6312,Minor_Damage_And_Injuries
6318,Significant_Damage_And_Serious_Injuries
6327,Minor_Damage_And_Injuries
6328,Significant_Damage_And_Serious_Injuries
6333,Significant_Damage_And_Serious_Injuries
6336,Minor_Damage_And_Injuries
6338,Significant_Damage_And_Serious_Injuries
6342,Minor_Damage_And_Injuries
6349,Highly_Fatal_And_Damaging
6358,Highly_Fatal_And_Damaging
6359,Highly_Fatal_And_Damaging
6360,Minor_Damage_And_Injuries
6367,Highly_Fatal_And_Damaging
6377,Highly_Fatal_And_Damaging
6379,Minor_Damage_And_Injuries
6381,Highly_Fatal_And_Damaging
6391,Highly_Fatal_And_Damaging
6400,Minor_Damage_And_Injuries
6402,Minor_Damage_And_Injuries
6405,Significant_Damage_And_Serious_Injuries
6415,Highly_Fatal_And_Damaging
6416,Highly_Fatal_And_Damaging
6420,Significant_Damage_And_Serious_Injuries
6434,Minor_Damage_And_Injuries
6448,Significant_Damage_And_Serious_Injuries
6451,Highly_Fatal_And_Damaging
6453,Significant_Damage_And_Serious_Injuries
6459,Significant_Damage_And_Serious_Injuries
6461,Highly_Fatal_And_Damaging
6467,Highly_Fatal_And_Damaging
6468,Highly_Fatal_And_Damaging
6473,Highly_Fatal_And_Damaging
6484,Significant_Damage_And_Serious_Injuries
6486,Highly_Fatal_And_Damaging
6490,Highly_Fatal_And_Damaging
6502,Minor_Damage_And_Injuries
6503,Significant_Damage_And_Fatalities
6507,Significant_Damage_And_Serious_Injuries
6512,Highly_Fatal_And_Damaging
6523,Significant_Damage_And_Serious_Injuries
6528,Significant_Damage_And_Serious_Injuries
6530,Significant_Damage_And_Fatalities
6543,Minor_Damage_And_Injuries
6546,Significant_Damage_And_Serious_Injuries
6548,Minor_Damage_And_Injuries
6551,Highly_Fatal_And_Damaging
6553,Significant_Damage_And_Serious_Injuries
6562,Minor_Damage_And_Injuries
6571,Highly_Fatal_And_Damaging
6572,Significant_Damage_And_Serious_Injuries
6579,Highly_Fatal_And_Damaging
6584,Significant_Damage_And_Serious_Injuries
6588,Significant_Damage_And_Serious_Injuries
6596,Minor_Damage_And_Injuries
6599,Highly_Fatal_And_Damaging
6625,Highly_Fatal_And_Damaging
6632,Significant_Damage_And_Fatalities
6641,Significant_Damage_And_Serious_Injuries
6651,Minor_Damage_And_Injuries
6654,Minor_Damage_And_Injuries
6657,Highly_Fatal_And_Damaging
6665,Significant_Damage_And_Serious_Injuries
6671,Significant_Damage_And_Serious_Injuries
6672,Highly_Fatal_And_Damaging
6675,Highly_Fatal_And_Damaging
6676,Minor_Damage_And_Injuries
6682,Highly_Fatal_And_Damaging
6684,Significant_Damage_And_Serious_Injuries
6692,Significant_Damage_And_Serious_Injuries
6694,Significant_Damage_And_Fatalities
6700,Significant_Damage_And_Serious_Injuries
6723,Minor_Damage_And_Injuries
6726,Significant_Damage_And_Serious_Injuries
6729,Significant_Damage_And_Serious_Injuries
6734,Significant_Damage_And_Fatalities
6737,Significant_Damage_And_Serious_Injuries
6738,Significant_Damage_And_Serious_Injuries
6745,Minor_Damage_And_Injuries
6747,Minor_Damage_And_Injuries
6750,Significant_Damage_And_Serious_Injuries
6754,Significant_Damage_And_Fatalities
6755,Significant_Damage_And_Serious_Injuries
6761,Minor_Damage_And_Injuries
6762,Minor_Damage_And_Injuries
6765,Highly_Fatal_And_Damaging
6769,Significant_Damage_And_Fatalities
6785,Minor_Damage_And_Injuries
6788,Minor_Damage_And_Injuries
6793,Significant_Damage_And_Serious_Injuries
6796,Significant_Damage_And_Fatalities
6799,Significant_Damage_And_Serious_Injuries
6801,Significant_Damage_And_Fatalities
6807,Highly_Fatal_And_Damaging
6811,Minor_Damage_And_Injuries
6812,Significant_Damage_And_Fatalities
6815,Highly_Fatal_And_Damaging
6818,Minor_Damage_And_Injuries
6828,Significant_Damage_And_Serious_Injuries
6832,Highly_Fatal_And_Damaging
6833,Highly_Fatal_And_Damaging
6836,Highly_Fatal_And_Damaging
6839,Minor_Damage_And_Injuries
6842,Highly_Fatal_And_Damaging
6845,Highly_Fatal_And_Damaging
6848,Significant_Damage_And_Serious_Injuries
6849,Significant_Damage_And_Serious_Injuries
6850,Minor_Damage_And_Injuries
6853,Minor_Damage_And_Injuries
6862,Highly_Fatal_And_Damaging
6864,Highly_Fatal_And_Damaging
6868,Highly_Fatal_And_Damaging
6872,Highly_Fatal_And_Damaging
6892,Significant_Damage_And_Fatalities
6895,Significant_Damage_And_Serious_Injuries
6897,Minor_Damage_And_Injuries
6900,Significant_Damage_And_Serious_Injuries
6904,Highly_Fatal_And_Damaging
6907,Significant_Damage_And_Serious_Injuries
6912,Highly_Fatal_And_Damaging
6913,Highly_Fatal_And_Damaging
6920,Highly_Fatal_And_Damaging
6922,Significant_Damage_And_Fatalities
6924,Highly_Fatal_And_Damaging
6925,Highly_Fatal_And_Damaging
6929,Significant_Damage_And_Serious_Injuries
6933,Significant_Damage_And_Serious_Injuries
6938,Highly_Fatal_And_Damaging
6939,Minor_Damage_And_Injuries
6945,Significant_Damage_And_Fatalities
6950,Significant_Damage_And_Serious_Injuries
6953,Minor_Damage_And_Injuries
6957,Significant_Damage_And_Fatalities
6961,Significant_Damage_And_Fatalities
6970,Significant_Damage_And_Serious_Injuries
6975,Significant_Damage_And_Fatalities
6978,Highly_Fatal_And_Damaging
6979,Significant_Damage_And_Serious_Injuries
6981,Significant_Damage_And_Serious_Injuries
6985,Minor_Damage_And_Injuries
6988,Significant_Damage_And_Fatalities
6989,Significant_Damage_And_Fatalities
6996,Significant_Damage_And_Fatalities
7007,Significant_Damage_And_Serious_Injuries
7008,Minor_Damage_And_Injuries
7016,Highly_Fatal_And_Damaging
7021,Highly_Fatal_And_Damaging
7022,Significant_Damage_And_Serious_Injuries
7029,Significant_Damage_And_Serious_Injuries
7035,Highly_Fatal_And_Damaging
7066,Minor_Damage_And_Injuries
7067,Highly_Fatal_And_Damaging
7068,Significant_Damage_And_Fatalities
7069,Highly_Fatal_And_Damaging
7072,Minor_Damage_And_Injuries
7077,Minor_Damage_And_Injuries
7079,Minor_Damage_And_Injuries
7080,Highly_Fatal_And_Damaging
7090,Significant_Damage_And_Serious_Injuries
7091,Significant_Damage_And_Serious_Injuries
7092,Highly_Fatal_And_Damaging
7093,Significant_Damage_And_Serious_Injuries
7109,Highly_Fatal_And_Damaging
7114,Highly_Fatal_And_Damaging
7118,Minor_Damage_And_Injuries
7122,Highly_Fatal_And_Damaging
7124,Minor_Damage_And_Injuries
7126,Highly_Fatal_And_Damaging
7132,Highly_Fatal_And_Damaging
7140,Highly_Fatal_And_Damaging
7154,Minor_Damage_And_Injuries
7156,Highly_Fatal_And_Damaging
7158,Highly_Fatal_And_Damaging
7172,Significant_Damage_And_Fatalities
7173,Significant_Damage_And_Serious_Injuries
7174,Highly_Fatal_And_Damaging
7176,Highly_Fatal_And_Damaging
7177,Minor_Damage_And_Injuries
7179,Highly_Fatal_And_Damaging
7181,Minor_Damage_And_Injuries
7182,Significant_Damage_And_Fatalities
7191,Highly_Fatal_And_Damaging
7194,Highly_Fatal_And_Damaging
7195,Minor_Damage_And_Injuries
7200,Minor_Damage_And_Injuries
7201,Significant_Damage_And_Serious_Injuries
7205,Significant_Damage_And_Fatalities
7208,Highly_Fatal_And_Damaging
7209,Minor_Damage_And_Injuries
7210,Highly_Fatal_And_Damaging
7212,Significant_Damage_And_Fatalities
7213,Minor_Damage_And_Injuries
7216,Significant_Damage_And_Fatalities
7218,Significant_Damage_And_Serious_Injuries
7221,Minor_Damage_And_Injuries
7222,Highly_Fatal_And_Damaging
7223,Significant_Damage_And_Serious_Injuries
7232,Minor_Damage_And_Injuries
7244,Significant_Damage_And_Serious_Injuries
7253,Highly_Fatal_And_Damaging
7255,Significant_Damage_And_Serious_Injuries
7267,Significant_Damage_And_Fatalities
7269,Significant_Damage_And_Serious_Injuries
7279,Highly_Fatal_And_Damaging
7284,Minor_Damage_And_Injuries
7294,Highly_Fatal_And_Damaging
7296,Significant_Damage_And_Serious_Injuries
7298,Minor_Damage_And_Injuries
7307,Highly_Fatal_And_Damaging
7323,Minor_Damage_And_Injuries
7333,Highly_Fatal_And_Damaging
7335,Significant_Damage_And_Fatalities
7336,Highly_Fatal_And_Damaging
7338,Significant_Damage_And_Fatalities
7345,Significant_Damage_And_Fatalities
7346,Significant_Damage_And_Serious_Injuries
7348,Minor_Damage_And_Injuries
7349,Significant_Damage_And_Serious_Injuries
7353,Highly_Fatal_And_Damaging
7354,Significant_Damage_And_Serious_Injuries
7355,Minor_Damage_And_Injuries
7356,Minor_Damage_And_Injuries
7367,Minor_Damage_And_Injuries
7370,Minor_Damage_And_Injuries
7375,Highly_Fatal_And_Damaging
7384,Significant_Damage_And_Serious_Injuries
7392,Highly_Fatal_And_Damaging
7394,Minor_Damage_And_Injuries
7395,Significant_Damage_And_Fatalities
7401,Significant_Damage_And_Serious_Injuries
7402,Significant_Damage_And_Fatalities
7407,Highly_Fatal_And_Damaging
7420,Significant_Damage_And_Fatalities
7437,Minor_Damage_And_Injuries
7455,Highly_Fatal_And_Damaging
7460,Highly_Fatal_And_Damaging
7476,Significant_Damage_And_Fatalities
7478,Highly_Fatal_And_Damaging
7484,Highly_Fatal_And_Damaging
7491,Highly_Fatal_And_Damaging
7492,Significant_Damage_And_Fatalities
7495,Significant_Damage_And_Fatalities
7503,Significant_Damage_And_Serious_Injuries
7505,Significant_Damage_And_Serious_Injuries
7506,Highly_Fatal_And_Damaging
7508,Highly_Fatal_And_Damaging
7513,Minor_Damage_And_Injuries
7526,Significant_Damage_And_Serious_Injuries
7530,Significant_Damage_And_Serious_Injuries
7534,Minor_Damage_And_Injuries
7537,Highly_Fatal_And_Damaging
7541,Significant_Damage_And_Serious_Injuries
7542,Minor_Damage_And_Injuries
7548,Significant_Damage_And_Serious_Injuries
7551,Highly_Fatal_And_Damaging
7553,Minor_Damage_And_Injuries
7554,Significant_Damage_And_Serious_Injuries
7557,Significant_Damage_And_Serious_Injuries
7563,Significant_Damage_And_Fatalities
7568,Minor_Damage_And_Injuries
7581,Highly_Fatal_And_Damaging
7582,Highly_Fatal_And_Damaging
7587,Highly_Fatal_And_Damaging
7617,Highly_Fatal_And_Damaging
7621,Minor_Damage_And_Injuries
7623,Significant_Damage_And_Serious_Injuries
7633,Significant_Damage_And_Serious_Injuries
7639,Significant_Damage_And_Fatalities
7654,Highly_Fatal_And_Damaging
7660,Highly_Fatal_And_Damaging
7661,Significant_Damage_And_Fatalities
7662,Significant_Damage_And_Fatalities
7663,Significant_Damage_And_Serious_Injuries
7664,Minor_Damage_And_Injuries
7665,Significant_Damage_And_Serious_Injuries
7668,Significant_Damage_And_Serious_Injuries
7682,Minor_Damage_And_Injuries
7683,Highly_Fatal_And_Damaging
7684,Highly_Fatal_And_Damaging
7687,Significant_Damage_And_Serious_Injuries
7691,Significant_Damage_And_Serious_Injuries
7701,Significant_Damage_And_Serious_Injuries
7702,Minor_Damage_And_Injuries
7705,Significant_Damage_And_Fatalities
7711,Minor_Damage_And_Injuries
7714,Minor_Damage_And_Injuries
7716,Highly_Fatal_And_Damaging
7725,Significant_Damage_And_Serious_Injuries
7726,Highly_Fatal_And_Damaging
7732,Highly_Fatal_And_Damaging
7748,Significant_Damage_And_Serious_Injuries
7755,Significant_Damage_And_Fatalities
7759,Highly_Fatal_And_Damaging
7763,Significant_Damage_And_Serious_Injuries
7767,Highly_Fatal_And_Damaging
7769,Highly_Fatal_And_Damaging
7781,Significant_Damage_And_Fatalities
7783,Minor_Damage_And_Injuries
7790,Minor_Damage_And_Injuries
7798,Minor_Damage_And_Injuries
7810,Minor_Damage_And_Injuries
7821,Minor_Damage_And_Injuries
7824,Significant_Damage_And_Fatalities
7828,Significant_Damage_And_Serious_Injuries
7838,Significant_Damage_And_Serious_Injuries
7841,Significant_Damage_And_Serious_Injuries
7847,Significant_Damage_And_Fatalities
7852,Significant_Damage_And_Serious_Injuries
7854,Highly_Fatal_And_Damaging
7857,Minor_Damage_And_Injuries
7867,Significant_Damage_And_Serious_Injuries
7868,Highly_Fatal_And_Damaging
7869,Significant_Damage_And_Serious_Injuries
7871,Significant_Damage_And_Serious_Injuries
7872,Significant_Damage_And_Serious_Injuries
7885,Highly_Fatal_And_Damaging
7889,Highly_Fatal_And_Damaging
7902,Significant_Damage_And_Serious_Injuries
7917,Minor_Damage_And_Injuries
7918,Minor_Damage_And_Injuries
7919,Significant_Damage_And_Fatalities
7926,Highly_Fatal_And_Damaging
7927,Minor_Damage_And_Injuries
7928,Highly_Fatal_And_Damaging
7947,Minor_Damage_And_Injuries
7950,Significant_Damage_And_Serious_Injuries
7952,Highly_Fatal_And_Damaging
7955,Minor_Damage_And_Injuries
7966,Minor_Damage_And_Injuries
7981,Significant_Damage_And_Fatalities
7987,Highly_Fatal_And_Damaging
7996,Highly_Fatal_And_Damaging
7997,Highly_Fatal_And_Damaging
8012,Minor_Damage_And_Injuries
8018,Significant_Damage_And_Serious_Injuries
8020,Significant_Damage_And_Fatalities
8021,Minor_Damage_And_Injuries
8028,Significant_Damage_And_Serious_Injuries
8031,Significant_Damage_And_Serious_Injuries
8034,Minor_Damage_And_Injuries
8039,Significant_Damage_And_Serious_Injuries
8044,Minor_Damage_And_Injuries
8046,Highly_Fatal_And_Damaging
8049,Minor_Damage_And_Injuries
8052,Significant_Damage_And_Fatalities
8054,Minor_Damage_And_Injuries
8057,Significant_Damage_And_Serious_Injuries
8058,Minor_Damage_And_Injuries
8061,Significant_Damage_And_Fatalities
8074,Minor_Damage_And_Injuries
8075,Significant_Damage_And_Serious_Injuries
8078,Significant_Damage_And_Serious_Injuries
8081,Minor_Damage_And_Injuries
8084,Significant_Damage_And_Serious_Injuries
8088,Minor_Damage_And_Injuries
8089,Minor_Damage_And_Injuries
8090,Significant_Damage_And_Serious_Injuries
8097,Highly_Fatal_And_Damaging
8101,Highly_Fatal_And_Damaging
8105,Minor_Damage_And_Injuries
8115,Highly_Fatal_And_Damaging
8122,Significant_Damage_And_Serious_Injuries
8125,Significant_Damage_And_Fatalities
8132,Minor_Damage_And_Injuries
8133,Highly_Fatal_And_Damaging
8136,Highly_Fatal_And_Damaging
8138,Significant_Damage_And_Serious_Injuries
8144,Significant_Damage_And_Fatalities
8146,Highly_Fatal_And_Damaging
8150,Minor_Damage_And_Injuries
8152,Highly_Fatal_And_Damaging
8157,Minor_Damage_And_Injuries
8167,Minor_Damage_And_Injuries
8172,Minor_Damage_And_Injuries
8178,Significant_Damage_And_Fatalities
8184,Significant_Damage_And_Serious_Injuries
8186,Highly_Fatal_And_Damaging
8187,Significant_Damage_And_Fatalities
8190,Highly_Fatal_And_Damaging
8198,Significant_Damage_And_Serious_Injuries
8200,Highly_Fatal_And_Damaging
8206,Highly_Fatal_And_Damaging
8217,Significant_Damage_And_Serious_Injuries
8221,Highly_Fatal_And_Damaging
8224,Minor_Damage_And_Injuries
8230,Significant_Damage_And_Fatalities
8233,Minor_Damage_And_Injuries
8237,Significant_Damage_And_Serious_Injuries
8239,Highly_Fatal_And_Damaging
8240,Highly_Fatal_And_Damaging
8242,Significant_Damage_And_Fatalities
8243,Highly_Fatal_And_Damaging
8246,Significant_Damage_And_Serious_Injuries
8251,Significant_Damage_And_Fatalities
8253,Highly_Fatal_And_Damaging
8268,Significant_Damage_And_Fatalities
8269,Minor_Damage_And_Injuries
8277,Highly_Fatal_And_Damaging
8287,Highly_Fatal_And_Damaging
8294,Minor_Damage_And_Injuries
8297,Minor_Damage_And_Injuries
8314,Minor_Damage_And_Injuries
8315,Significant_Damage_And_Serious_Injuries
8317,Minor_Damage_And_Injuries
8319,Highly_Fatal_And_Damaging
8322,Significant_Damage_And_Serious_Injuries
8327,Significant_Damage_And_Serious_Injuries
8329,Significant_Damage_And_Fatalities
8336,Minor_Damage_And_Injuries
8345,Highly_Fatal_And_Damaging
8361,Minor_Damage_And_Injuries
8362,Highly_Fatal_And_Damaging
8365,Significant_Damage_And_Serious_Injuries
8369,Minor_Damage_And_Injuries
8372,Highly_Fatal_And_Damaging
8374,Minor_Damage_And_Injuries
8376,Highly_Fatal_And_Damaging
8377,Highly_Fatal_And_Damaging
8388,Highly_Fatal_And_Damaging
8389,Minor_Damage_And_Injuries
8390,Highly_Fatal_And_Damaging
8395,Significant_Damage_And_Fatalities
8402,Minor_Damage_And_Injuries
8412,Minor_Damage_And_Injuries
8419,Significant_Damage_And_Fatalities
8426,Highly_Fatal_And_Damaging
8428,Significant_Damage_And_Serious_Injuries
8429,Highly_Fatal_And_Damaging
8431,Highly_Fatal_And_Damaging
8450,Highly_Fatal_And_Damaging
8456,Highly_Fatal_And_Damaging
8463,Highly_Fatal_And_Damaging
8490,Highly_Fatal_And_Damaging
8491,Minor_Damage_And_Injuries
8496,Minor_Damage_And_Injuries
8507,Highly_Fatal_And_Damaging
8513,Minor_Damage_And_Injuries
8517,Significant_Damage_And_Serious_Injuries
8519,Significant_Damage_And_Fatalities
8524,Significant_Damage_And_Fatalities
8542,Significant_Damage_And_Serious_Injuries
8543,Significant_Damage_And_Serious_Injuries
8551,Significant_Damage_And_Serious_Injuries
8553,Significant_Damage_And_Serious_Injuries
8562,Significant_Damage_And_Fatalities
8567,Significant_Damage_And_Fatalities
8571,Significant_Damage_And_Serious_Injuries
8574,Significant_Damage_And_Serious_Injuries
8575,Minor_Damage_And_Injuries
8576,Significant_Damage_And_Serious_Injuries
8586,Highly_Fatal_And_Damaging
8587,Highly_Fatal_And_Damaging
8590,Significant_Damage_And_Serious_Injuries
8594,Minor_Damage_And_Injuries
8596,Minor_Damage_And_Injuries
8599,Significant_Damage_And_Serious_Injuries
8604,Minor_Damage_And_Injuries
8606,Significant_Damage_And_Serious_Injuries
8620,Highly_Fatal_And_Damaging
8623,Significant_Damage_And_Serious_Injuries
8643,Significant_Damage_And_Serious_Injuries
8652,Minor_Damage_And_Injuries
8653,Minor_Damage_And_Injuries
8655,Significant_Damage_And_Serious_Injuries
8657,Significant_Damage_And_Serious_Injuries
8663,Minor_Damage_And_Injuries
8665,Minor_Damage_And_Injuries
8685,Significant_Damage_And_Serious_Injuries
8715,Minor_Damage_And_Injuries
8719,Highly_Fatal_And_Damaging
8724,Minor_Damage_And_Injuries
8725,Significant_Damage_And_Serious_Injuries
8726,Highly_Fatal_And_Damaging
8728,Significant_Damage_And_Serious_Injuries
8729,Significant_Damage_And_Fatalities
8730,Significant_Damage_And_Fatalities
8737,Minor_Damage_And_Injuries
8743,Significant_Damage_And_Serious_Injuries
8744,Significant_Damage_And_Serious_Injuries
8747,Significant_Damage_And_Fatalities
8749,Highly_Fatal_And_Damaging
8751,Significant_Damage_And_Serious_Injuries
8754,Highly_Fatal_And_Damaging
8756,Significant_Damage_And_Serious_Injuries
8759,Significant_Damage_And_Serious_Injuries
8767,Minor_Damage_And_Injuries
8772,Highly_Fatal_And_Damaging
8773,Highly_Fatal_And_Damaging
8776,Significant_Damage_And_Serious_Injuries
8780,Highly_Fatal_And_Damaging
8781,Significant_Damage_And_Fatalities
8786,Minor_Damage_And_Injuries
8791,Significant_Damage_And_Serious_Injuries
8793,Highly_Fatal_And_Damaging
8796,Significant_Damage_And_Fatalities
8798,Minor_Damage_And_Injuries
8804,Significant_Damage_And_Fatalities
8812,Significant_Damage_And_Fatalities
8815,Significant_Damage_And_Fatalities
8862,Significant_Damage_And_Serious_Injuries
8867,Minor_Damage_And_Injuries
8870,Minor_Damage_And_Injuries
8873,Highly_Fatal_And_Damaging
8875,Significant_Damage_And_Serious_Injuries
8881,Significant_Damage_And_Fatalities
8882,Minor_Damage_And_Injuries
8901,Minor_Damage_And_Injuries
8903,Minor_Damage_And_Injuries
8905,Significant_Damage_And_Serious_Injuries
8908,Significant_Damage_And_Serious_Injuries
8909,Highly_Fatal_And_Damaging
8913,Minor_Damage_And_Injuries
8916,Significant_Damage_And_Serious_Injuries
8931,Significant_Damage_And_Fatalities
8936,Highly_Fatal_And_Damaging
8943,Significant_Damage_And_Fatalities
8944,Minor_Damage_And_Injuries
8961,Significant_Damage_And_Serious_Injuries
8970,Significant_Damage_And_Fatalities
8976,Significant_Damage_And_Fatalities
8983,Highly_Fatal_And_Damaging
8989,Minor_Damage_And_Injuries
8998,Highly_Fatal_And_Damaging
8999,Minor_Damage_And_Injuries
9002,Highly_Fatal_And_Damaging
9013,Minor_Damage_And_Injuries
9014,Significant_Damage_And_Fatalities
9018,Significant_Damage_And_Fatalities
9026,Highly_Fatal_And_Damaging
9027,Significant_Damage_And_Serious_Injuries
9033,Highly_Fatal_And_Damaging
9035,Significant_Damage_And_Fatalities
9040,Highly_Fatal_And_Damaging
9047,Minor_Damage_And_Injuries
9049,Highly_Fatal_And_Damaging
9051,Highly_Fatal_And_Damaging
9057,Minor_Damage_And_Injuries
9072,Significant_Damage_And_Fatalities
9078,Minor_Damage_And_Injuries
9080,Significant_Damage_And_Serious_Injuries
9081,Significant_Damage_And_Serious_Injuries
9083,Minor_Damage_And_Injuries
9088,Significant_Damage_And_Serious_Injuries
9089,Significant_Damage_And_Serious_Injuries
9109,Highly_Fatal_And_Damaging
9111,Significant_Damage_And_Serious_Injuries
9113,Significant_Damage_And_Serious_Injuries
9117,Minor_Damage_And_Injuries
9119,Highly_Fatal_And_Damaging
9123,Significant_Damage_And_Serious_Injuries
9127,Significant_Damage_And_Serious_Injuries
9135,Significant_Damage_And_Fatalities
9139,Minor_Damage_And_Injuries
9143,Significant_Damage_And_Fatalities
9148,Minor_Damage_And_Injuries
9160,Minor_Damage_And_Injuries
9166,Highly_Fatal_And_Damaging
9176,Significant_Damage_And_Serious_Injuries
9177,Significant_Damage_And_Serious_Injuries
9178,Minor_Damage_And_Injuries
9181,Minor_Damage_And_Injuries
9185,Significant_Damage_And_Fatalities
9187,Minor_Damage_And_Injuries
9192,Significant_Damage_And_Serious_Injuries
9200,Highly_Fatal_And_Damaging
9212,Significant_Damage_And_Serious_Injuries
9219,Highly_Fatal_And_Damaging
9230,Significant_Damage_And_Serious_Injuries
9231,Significant_Damage_And_Fatalities
9232,Highly_Fatal_And_Damaging
9239,Significant_Damage_And_Fatalities
9242,Highly_Fatal_And_Damaging
9245,Significant_Damage_And_Serious_Injuries
9247,Highly_Fatal_And_Damaging
9250,Highly_Fatal_And_Damaging
9252,Highly_Fatal_And_Damaging
9257,Significant_Damage_And_Serious_Injuries
9260,Significant_Damage_And_Serious_Injuries
9264,Significant_Damage_And_Serious_Injuries
9266,Highly_Fatal_And_Damaging
9270,Highly_Fatal_And_Damaging
9274,Minor_Damage_And_Injuries
9279,Highly_Fatal_And_Damaging
9281,Minor_Damage_And_Injuries
9282,Significant_Damage_And_Serious_Injuries
9283,Significant_Damage_And_Serious_Injuries
9292,Highly_Fatal_And_Damaging
9300,Minor_Damage_And_Injuries
9302,Significant_Damage_And_Serious_Injuries
9303,Significant_Damage_And_Serious_Injuries
9308,Significant_Damage_And_Serious_Injuries
9313,Highly_Fatal_And_Damaging
9321,Significant_Damage_And_Serious_Injuries
9324,Significant_Damage_And_Serious_Injuries
9333,Significant_Damage_And_Fatalities
9340,Minor_Damage_And_Injuries
9349,Significant_Damage_And_Serious_Injuries
9351,Highly_Fatal_And_Damaging
9352,Highly_Fatal_And_Damaging
9353,Minor_Damage_And_Injuries
9359,Significant_Damage_And_Fatalities
9363,Significant_Damage_And_Fatalities
9365,Minor_Damage_And_Injuries
9373,Minor_Damage_And_Injuries
9377,Minor_Damage_And_Injuries
9383,Highly_Fatal_And_Damaging
9389,Minor_Damage_And_Injuries
9392,Significant_Damage_And_Fatalities
9400,Highly_Fatal_And_Damaging
9401,Significant_Damage_And_Fatalities
9407,Minor_Damage_And_Injuries
9408,Minor_Damage_And_Injuries
9417,Minor_Damage_And_Injuries
9423,Highly_Fatal_And_Damaging
9424,Significant_Damage_And_Serious_Injuries
9430,Highly_Fatal_And_Damaging
9449,Highly_Fatal_And_Damaging
9452,Significant_Damage_And_Fatalities
9453,Significant_Damage_And_Serious_Injuries
9456,Significant_Damage_And_Fatalities
9461,Significant_Damage_And_Serious_Injuries
9463,Significant_Damage_And_Fatalities
9465,Significant_Damage_And_Fatalities
9471,Minor_Damage_And_Injuries
9484,Significant_Damage_And_Serious_Injuries
9489,Significant_Damage_And_Serious_Injuries
9495,Significant_Damage_And_Serious_Injuries
9508,Minor_Damage_And_Injuries
9515,Highly_Fatal_And_Damaging
9521,Significant_Damage_And_Fatalities
9528,Highly_Fatal_And_Damaging
9534,Significant_Damage_And_Fatalities
9539,Significant_Damage_And_Serious_Injuries
9540,Highly_Fatal_And_Damaging
9553,Minor_Damage_And_Injuries
9557,Minor_Damage_And_Injuries
9565,Highly_Fatal_And_Damaging
9572,Minor_Damage_And_Injuries
9583,Highly_Fatal_And_Damaging
9584,Highly_Fatal_And_Damaging
9585,Minor_Damage_And_Injuries
9588,Highly_Fatal_And_Damaging
9591,Minor_Damage_And_Injuries
9595,Highly_Fatal_And_Damaging
9602,Minor_Damage_And_Injuries
9612,Significant_Damage_And_Serious_Injuries
9615,Highly_Fatal_And_Damaging
9622,Significant_Damage_And_Serious_Injuries
9632,Minor_Damage_And_Injuries
9636,Minor_Damage_And_Injuries
9640,Minor_Damage_And_Injuries
9641,Minor_Damage_And_Injuries
9648,Significant_Damage_And_Serious_Injuries
9659,Minor_Damage_And_Injuries
9667,Significant_Damage_And_Serious_Injuries
9669,Significant_Damage_And_Fatalities
9672,Minor_Damage_And_Injuries
9689,Significant_Damage_And_Serious_Injuries
9694,Highly_Fatal_And_Damaging
9695,Highly_Fatal_And_Damaging
9696,Highly_Fatal_And_Damaging
9699,Significant_Damage_And_Fatalities
9717,Significant_Damage_And_Fatalities
9720,Highly_Fatal_And_Damaging
9721,Significant_Damage_And_Serious_Injuries
9729,Significant_Damage_And_Serious_Injuries
9736,Highly_Fatal_And_Damaging
9740,Significant_Damage_And_Fatalities
9746,Significant_Damage_And_Serious_Injuries
9748,Minor_Damage_And_Injuries
9750,Minor_Damage_And_Injuries
9751,Highly_Fatal_And_Damaging
9755,Highly_Fatal_And_Damaging
9757,Significant_Damage_And_Fatalities
9759,Minor_Damage_And_Injuries
9761,Highly_Fatal_And_Damaging
9770,Minor_Damage_And_Injuries
9778,Minor_Damage_And_Injuries
9779,Minor_Damage_And_Injuries
9783,Minor_Damage_And_Injuries
9784,Significant_Damage_And_Fatalities
9791,Significant_Damage_And_Fatalities
9798,Significant_Damage_And_Serious_Injuries
9804,Highly_Fatal_And_Damaging
9809,Significant_Damage_And_Fatalities
9811,Significant_Damage_And_Serious_Injuries
9817,Minor_Damage_And_Injuries
9818,Significant_Damage_And_Serious_Injuries
9819,Significant_Damage_And_Fatalities
9820,Highly_Fatal_And_Damaging
9838,Highly_Fatal_And_Damaging
9840,Significant_Damage_And_Serious_Injuries
9856,Significant_Damage_And_Fatalities
9858,Minor_Damage_And_Injuries
9861,Minor_Damage_And_Injuries
9864,Significant_Damage_And_Serious_Injuries
9866,Highly_Fatal_And_Damaging
9889,Highly_Fatal_And_Damaging
9890,Minor_Damage_And_Injuries
9894,Significant_Damage_And_Serious_Injuries
9896,Significant_Damage_And_Serious_Injuries
9900,Highly_Fatal_And_Damaging
9901,Significant_Damage_And_Serious_Injuries
9903,Highly_Fatal_And_Damaging
9905,Minor_Damage_And_Injuries
9906,Highly_Fatal_And_Damaging
9912,Minor_Damage_And_Injuries
9913,Significant_Damage_And_Fatalities
9915,Minor_Damage_And_Injuries
9918,Significant_Damage_And_Serious_Injuries
9919,Minor_Damage_And_Injuries
9920,Highly_Fatal_And_Damaging
9924,Significant_Damage_And_Serious_Injuries
9925,Minor_Damage_And_Injuries
9930,Significant_Damage_And_Serious_Injuries
9936,Minor_Damage_And_Injuries
9939,Highly_Fatal_And_Damaging
9945,Significant_Damage_And_Serious_Injuries
9947,Minor_Damage_And_Injuries
9948,Significant_Damage_And_Serious_Injuries
9956,Significant_Damage_And_Serious_Injuries
9963,Highly_Fatal_And_Damaging
9965,Significant_Damage_And_Fatalities
9969,Significant_Damage_And_Serious_Injuries
9972,Significant_Damage_And_Serious_Injuries
9980,Highly_Fatal_And_Damaging
9985,Highly_Fatal_And_Damaging
9991,Significant_Damage_And_Serious_Injuries
9999,Significant_Damage_And_Fatalities
10000,Significant_Damage_And_Fatalities
10002,Highly_Fatal_And_Damaging
10004,Minor_Damage_And_Injuries
10006,Minor_Damage_And_Injuries
10008,Significant_Damage_And_Fatalities
10024,Significant_Damage_And_Serious_Injuries
10032,Minor_Damage_And_Injuries
10038,Minor_Damage_And_Injuries
10054,Minor_Damage_And_Injuries
10057,Significant_Damage_And_Serious_Injuries
10062,Significant_Damage_And_Fatalities
10069,Highly_Fatal_And_Damaging
10074,Minor_Damage_And_Injuries
10085,Significant_Damage_And_Serious_Injuries
10086,Minor_Damage_And_Injuries
10089,Significant_Damage_And_Serious_Injuries
10092,Highly_Fatal_And_Damaging
10102,Significant_Damage_And_Fatalities
10104,Minor_Damage_And_Injuries
10112,Highly_Fatal_And_Damaging
10114,Significant_Damage_And_Serious_Injuries
10129,Significant_Damage_And_Serious_Injuries
10134,Significant_Damage_And_Serious_Injuries
10138,Minor_Damage_And_Injuries
10145,Minor_Damage_And_Injuries
10152,Minor_Damage_And_Injuries
10156,Minor_Damage_And_Injuries
10171,Minor_Damage_And_Injuries
10182,Minor_Damage_And_Injuries
10183,Significant_Damage_And_Fatalities
10185,Minor_Damage_And_Injuries
10194,Significant_Damage_And_Fatalities
10199,Significant_Damage_And_Serious_Injuries
10212,Minor_Damage_And_Injuries
10220,Minor_Damage_And_Injuries
10222,Minor_Damage_And_Injuries
10233,Significant_Damage_And_Serious_Injuries
10235,Highly_Fatal_And_Damaging
10236,Significant_Damage_And_Serious_Injuries
10243,Significant_Damage_And_Fatalities
10247,Highly_Fatal_And_Damaging
10251,Minor_Damage_And_Injuries
10253,Minor_Damage_And_Injuries
10263,Highly_Fatal_And_Damaging
10273,Significant_Damage_And_Serious_Injuries
10276,Highly_Fatal_And_Damaging
10282,Significant_Damage_And_Fatalities
10291,Minor_Damage_And_Injuries
10298,Significant_Damage_And_Serious_Injuries
10300,Significant_Damage_And_Serious_Injuries
10303,Highly_Fatal_And_Damaging
10306,Minor_Damage_And_Injuries
10307,Significant_Damage_And_Fatalities
10310,Significant_Damage_And_Fatalities
10316,Significant_Damage_And_Serious_Injuries
10324,Significant_Damage_And_Serious_Injuries
10325,Highly_Fatal_And_Damaging
10331,Significant_Damage_And_Serious_Injuries
10332,Significant_Damage_And_Fatalities
10338,Significant_Damage_And_Fatalities
10351,Significant_Damage_And_Fatalities
10358,Significant_Damage_And_Serious_Injuries
10359,Significant_Damage_And_Serious_Injuries
10360,Significant_Damage_And_Fatalities
10366,Significant_Damage_And_Serious_Injuries
10372,Highly_Fatal_And_Damaging
10374,Minor_Damage_And_Injuries
10390,Highly_Fatal_And_Damaging
10400,Minor_Damage_And_Injuries
10404,Significant_Damage_And_Serious_Injuries
10406,Significant_Damage_And_Fatalities
10425,Minor_Damage_And_Injuries
10442,Highly_Fatal_And_Damaging
10452,Highly_Fatal_And_Damaging
10465,Minor_Damage_And_Injuries
10467,Highly_Fatal_And_Damaging
10480,Minor_Damage_And_Injuries
10483,Minor_Damage_And_Injuries
10486,Significant_Damage_And_Serious_Injuries
10490,Significant_Damage_And_Fatalities
10491,Significant_Damage_And_Serious_Injuries
10495,Significant_Damage_And_Serious_Injuries
10496,Significant_Damage_And_Fatalities
10504,Highly_Fatal_And_Damaging
10506,Minor_Damage_And_Injuries
10508,Significant_Damage_And_Fatalities
10514,Highly_Fatal_And_Damaging
10515,Significant_Damage_And_Fatalities
10517,Highly_Fatal_And_Damaging
10518,Highly_Fatal_And_Damaging
10520,Significant_Damage_And_Serious_Injuries
10527,Highly_Fatal_And_Damaging
10535,Minor_Damage_And_Injuries
10536,Highly_Fatal_And_Damaging
10547,Significant_Damage_And_Serious_Injuries
10553,Minor_Damage_And_Injuries
10555,Significant_Damage_And_Fatalities
10556,Significant_Damage_And_Fatalities
10557,Highly_Fatal_And_Damaging
10560,Highly_Fatal_And_Damaging
10572,Highly_Fatal_And_Damaging
10573,Minor_Damage_And_Injuries
10582,Highly_Fatal_And_Damaging
10587,Highly_Fatal_And_Damaging
10588,Significant_Damage_And_Serious_Injuries
10596,Significant_Damage_And_Serious_Injuries
10600,Highly_Fatal_And_Damaging
10601,Significant_Damage_And_Fatalities
10604,Minor_Damage_And_Injuries
10607,Significant_Damage_And_Fatalities
10613,Highly_Fatal_And_Damaging
10618,Highly_Fatal_And_Damaging
10621,Highly_Fatal_And_Damaging
10624,Highly_Fatal_And_Damaging
10633,Significant_Damage_And_Serious_Injuries
10638,Significant_Damage_And_Fatalities
10640,Significant_Damage_And_Serious_Injuries
10644,Significant_Damage_And_Fatalities
10647,Highly_Fatal_And_Damaging
10653,Minor_Damage_And_Injuries
10657,Significant_Damage_And_Serious_Injuries
10658,Highly_Fatal_And_Damaging
10670,Minor_Damage_And_Injuries
10674,Minor_Damage_And_Injuries
10685,Significant_Damage_And_Fatalities
10687,Significant_Damage_And_Fatalities
10691,Minor_Damage_And_Injuries
10692,Highly_Fatal_And_Damaging
10698,Minor_Damage_And_Injuries
10699,Significant_Damage_And_Serious_Injuries
10702,Significant_Damage_And_Serious_Injuries
10711,Significant_Damage_And_Serious_Injuries
10713,Significant_Damage_And_Fatalities
10718,Minor_Damage_And_Injuries
10729,Significant_Damage_And_Serious_Injuries
10733,Highly_Fatal_And_Damaging
10736,Highly_Fatal_And_Damaging
10737,Minor_Damage_And_Injuries
10740,Highly_Fatal_And_Damaging
10746,Minor_Damage_And_Injuries
10748,Significant_Damage_And_Serious_Injuries
10749,Minor_Damage_And_Injuries
10750,Highly_Fatal_And_Damaging
10751,Highly_Fatal_And_Damaging
10753,Highly_Fatal_And_Damaging
10776,Significant_Damage_And_Serious_Injuries
10781,Highly_Fatal_And_Damaging
10786,Significant_Damage_And_Fatalities
10792,Significant_Damage_And_Serious_Injuries
10798,Highly_Fatal_And_Damaging
10799,Minor_Damage_And_Injuries
10808,Highly_Fatal_And_Damaging
10809,Minor_Damage_And_Injuries
10810,Significant_Damage_And_Serious_Injuries
10812,Minor_Damage_And_Injuries
10813,Minor_Damage_And_Injuries
10815,Significant_Damage_And_Serious_Injuries
10819,Highly_Fatal_And_Damaging
10821,Minor_Damage_And_Injuries
10826,Minor_Damage_And_Injuries
10832,Minor_Damage_And_Injuries
10836,Minor_Damage_And_Injuries
10846,Highly_Fatal_And_Damaging
10853,Highly_Fatal_And_Damaging
10854,Significant_Damage_And_Serious_Injuries
10866,Minor_Damage_And_Injuries
10867,Minor_Damage_And_Injuries
10875,Minor_Damage_And_Injuries
10882,Significant_Damage_And_Fatalities
10892,Highly_Fatal_And_Damaging
10895,Highly_Fatal_And_Damaging
10915,Highly_Fatal_And_Damaging
10921,Highly_Fatal_And_Damaging
10926,Highly_Fatal_And_Damaging
10927,Highly_Fatal_And_Damaging
10934,Minor_Damage_And_Injuries
10936,Minor_Damage_And_Injuries
10938,Highly_Fatal_And_Damaging
10941,Significant_Damage_And_Serious_Injuries
10953,Highly_Fatal_And_Damaging
10956,Significant_Damage_And_Serious_Injuries
10957,Highly_Fatal_And_Damaging
10959,Significant_Damage_And_Fatalities
10960,Highly_Fatal_And_Damaging
10963,Minor_Damage_And_Injuries
10970,Highly_Fatal_And_Damaging
10981,Significant_Damage_And_Serious_Injuries
10982,Minor_Damage_And_Injuries
10984,Highly_Fatal_And_Damaging
10988,Significant_Damage_And_Serious_Injuries
10996,Minor_Damage_And_Injuries
11002,Minor_Damage_And_Injuries
11011,Significant_Damage_And_Serious_Injuries
11017,Significant_Damage_And_Fatalities
11019,Minor_Damage_And_Injuries
11024,Significant_Damage_And_Serious_Injuries
11029,Significant_Damage_And_Serious_Injuries
11030,Highly_Fatal_And_Damaging
11032,Significant_Damage_And_Serious_Injuries
11036,Minor_Damage_And_Injuries
11037,Highly_Fatal_And_Damaging
11040,Highly_Fatal_And_Damaging
11043,Highly_Fatal_And_Damaging
11051,Minor_Damage_And_Injuries
11055,Highly_Fatal_And_Damaging
11056,Significant_Damage_And_Serious_Injuries
11059,Minor_Damage_And_Injuries
11063,Significant_Damage_And_Serious_Injuries
11067,Significant_Damage_And_Serious_Injuries
11069,Highly_Fatal_And_Damaging
11080,Highly_Fatal_And_Damaging
11082,Highly_Fatal_And_Damaging
11083,Significant_Damage_And_Fatalities
11095,Minor_Damage_And_Injuries
11102,Highly_Fatal_And_Damaging
11114,Minor_Damage_And_Injuries
11115,Highly_Fatal_And_Damaging
11122,Significant_Damage_And_Fatalities
11125,Highly_Fatal_And_Damaging
11132,Highly_Fatal_And_Damaging
11140,Minor_Damage_And_Injuries
11147,Highly_Fatal_And_Damaging
11148,Significant_Damage_And_Fatalities
11151,Highly_Fatal_And_Damaging
11156,Highly_Fatal_And_Damaging
11168,Minor_Damage_And_Injuries
11174,Highly_Fatal_And_Damaging
11175,Minor_Damage_And_Injuries
11180,Minor_Damage_And_Injuries
11189,Highly_Fatal_And_Damaging
11193,Minor_Damage_And_Injuries
11196,Significant_Damage_And_Serious_Injuries
11197,Minor_Damage_And_Injuries
11198,Highly_Fatal_And_Damaging
11199,Highly_Fatal_And_Damaging
11204,Minor_Damage_And_Injuries
11211,Highly_Fatal_And_Damaging
11225,Highly_Fatal_And_Damaging
11235,Highly_Fatal_And_Damaging
11239,Minor_Damage_And_Injuries
11241,Minor_Damage_And_Injuries
11250,Significant_Damage_And_Serious_Injuries
11251,Highly_Fatal_And_Damaging
11254,Minor_Damage_And_Injuries
11260,Highly_Fatal_And_Damaging
11261,Highly_Fatal_And_Damaging
11263,Significant_Damage_And_Serious_Injuries
11267,Highly_Fatal_And_Damaging
11270,Significant_Damage_And_Serious_Injuries
11272,Significant_Damage_And_Serious_Injuries
11275,Minor_Damage_And_Injuries
11276,Significant_Damage_And_Serious_Injuries
11280,Significant_Damage_And_Fatalities
11282,Minor_Damage_And_Injuries
11287,Minor_Damage_And_Injuries
11289,Significant_Damage_And_Serious_Injuries
11291,Minor_Damage_And_Injuries
11293,Significant_Damage_And_Fatalities
11297,Significant_Damage_And_Fatalities
11301,Significant_Damage_And_Serious_Injuries
11308,Minor_Damage_And_Injuries
11309,Highly_Fatal_And_Damaging
11310,Significant_Damage_And_Serious_Injuries
11311,Minor_Damage_And_Injuries
11312,Significant_Damage_And_Serious_Injuries
11315,Significant_Damage_And_Serious_Injuries
11317,Minor_Damage_And_Injuries
11326,Minor_Damage_And_Injuries
11334,Highly_Fatal_And_Damaging
11337,Highly_Fatal_And_Damaging
11339,Highly_Fatal_And_Damaging
11346,Minor_Damage_And_Injuries
11347,Significant_Damage_And_Fatalities
11348,Significant_Damage_And_Serious_Injuries
11352,Significant_Damage_And_Fatalities
11357,Minor_Damage_And_Injuries
11360,Highly_Fatal_And_Damaging
11368,Significant_Damage_And_Fatalities
11396,Minor_Damage_And_Injuries
11405,Significant_Damage_And_Serious_Injuries
11411,Highly_Fatal_And_Damaging
11412,Minor_Damage_And_Injuries
11414,Minor_Damage_And_Injuries
11417,Highly_Fatal_And_Damaging
11421,Significant_Damage_And_Fatalities
11424,Significant_Damage_And_Serious_Injuries
11428,Significant_Damage_And_Serious_Injuries
11436,Significant_Damage_And_Serious_Injuries
11438,Significant_Damage_And_Fatalities
11439,Minor_Damage_And_Injuries
11449,Significant_Damage_And_Fatalities
11454,Highly_Fatal_And_Damaging
11456,Minor_Damage_And_Injuries
11458,Highly_Fatal_And_Damaging
11460,Minor_Damage_And_Injuries
11461,Minor_Damage_And_Injuries
11467,Minor_Damage_And_Injuries
11468,Minor_Damage_And_Injuries
11480,Significant_Damage_And_Serious_Injuries
11485,Minor_Damage_And_Injuries
11486,Significant_Damage_And_Serious_Injuries
11491,Minor_Damage_And_Injuries
11498,Highly_Fatal_And_Damaging
11501,Minor_Damage_And_Injuries
11502,Significant_Damage_And_Fatalities
11506,Highly_Fatal_And_Damaging
11521,Highly_Fatal_And_Damaging
11523,Highly_Fatal_And_Damaging
11524,Minor_Damage_And_Injuries
11529,Highly_Fatal_And_Damaging
11532,Minor_Damage_And_Injuries
11542,Highly_Fatal_And_Damaging
11555,Significant_Damage_And_Serious_Injuries
11559,Highly_Fatal_And_Damaging
11563,Significant_Damage_And_Serious_Injuries
11566,Significant_Damage_And_Fatalities
11572,Highly_Fatal_And_Damaging
11575,Significant_Damage_And_Serious_Injuries
11577,Significant_Damage_And_Fatalities
11579,Highly_Fatal_And_Damaging
11581,Highly_Fatal_And_Damaging
11591,Highly_Fatal_And_Damaging
11594,Significant_Damage_And_Fatalities
11598,Highly_Fatal_And_Damaging
11599,Minor_Damage_And_Injuries
11601,Significant_Damage_And_Serious_Injuries
11602,Highly_Fatal_And_Damaging
11603,Significant_Damage_And_Serious_Injuries
11610,Significant_Damage_And_Fatalities
11611,Highly_Fatal_And_Damaging
11614,Significant_Damage_And_Serious_Injuries
11621,Significant_Damage_And_Serious_Injuries
11625,Significant_Damage_And_Serious_Injuries
11632,Significant_Damage_And_Serious_Injuries
11633,Highly_Fatal_And_Damaging
11639,Minor_Damage_And_Injuries
11643,Highly_Fatal_And_Damaging
11647,Highly_Fatal_And_Damaging
11648,Highly_Fatal_And_Damaging
11650,Minor_Damage_And_Injuries
11657,Significant_Damage_And_Serious_Injuries
11662,Significant_Damage_And_Serious_Injuries
11667,Highly_Fatal_And_Damaging
11681,Highly_Fatal_And_Damaging
11687,Highly_Fatal_And_Damaging
11691,Minor_Damage_And_Injuries
11707,Significant_Damage_And_Serious_Injuries
11708,Minor_Damage_And_Injuries
11722,Significant_Damage_And_Fatalities
11726,Highly_Fatal_And_Damaging
11729,Highly_Fatal_And_Damaging
11735,Significant_Damage_And_Fatalities
11739,Significant_Damage_And_Serious_Injuries
11741,Minor_Damage_And_Injuries
11748,Highly_Fatal_And_Damaging
11749,Minor_Damage_And_Injuries
11757,Significant_Damage_And_Serious_Injuries
11758,Highly_Fatal_And_Damaging
11765,Minor_Damage_And_Injuries
11766,Highly_Fatal_And_Damaging
11770,Significant_Damage_And_Fatalities
11772,Minor_Damage_And_Injuries
11778,Minor_Damage_And_Injuries
11786,Highly_Fatal_And_Damaging
11789,Minor_Damage_And_Injuries
11797,Minor_Damage_And_Injuries
11800,Minor_Damage_And_Injuries
11804,Significant_Damage_And_Serious_Injuries
11810,Significant_Damage_And_Serious_Injuries
11842,Significant_Damage_And_Fatalities
11843,Highly_Fatal_And_Damaging
11847,Significant_Damage_And_Fatalities
11848,Minor_Damage_And_Injuries
11849,Significant_Damage_And_Serious_Injuries
11850,Minor_Damage_And_Injuries
11876,Highly_Fatal_And_Damaging
11879,Significant_Damage_And_Serious_Injuries
11882,Highly_Fatal_And_Damaging
11890,Significant_Damage_And_Serious_Injuries
11894,Minor_Damage_And_Injuries
11897,Minor_Damage_And_Injuries
11900,Significant_Damage_And_Serious_Injuries
11904,Highly_Fatal_And_Damaging
11913,Minor_Damage_And_Injuries
11933,Minor_Damage_And_Injuries
11943,Highly_Fatal_And_Damaging
11944,Significant_Damage_And_Serious_Injuries
11949,Significant_Damage_And_Serious_Injuries
11952,Highly_Fatal_And_Damaging
11957,Significant_Damage_And_Fatalities
11960,Minor_Damage_And_Injuries
11975,Significant_Damage_And_Fatalities
11978,Minor_Damage_And_Injuries
11983,Minor_Damage_And_Injuries
11990,Significant_Damage_And_Serious_Injuries
12002,Minor_Damage_And_Injuries
12004,Significant_Damage_And_Serious_Injuries
12011,Significant_Damage_And_Serious_Injuries
12016,Significant_Damage_And_Fatalities
12020,Highly_Fatal_And_Damaging
12023,Minor_Damage_And_Injuries
12024,Minor_Damage_And_Injuries
12025,Highly_Fatal_And_Damaging
12045,Highly_Fatal_And_Damaging
12051,Minor_Damage_And_Injuries
12054,Highly_Fatal_And_Damaging
12055,Highly_Fatal_And_Damaging
12060,Minor_Damage_And_Injuries
12065,Significant_Damage_And_Serious_Injuries
12068,Highly_Fatal_And_Damaging
12069,Significant_Damage_And_Serious_Injuries
12070,Significant_Damage_And_Fatalities
12072,Highly_Fatal_And_Damaging
12079,Significant_Damage_And_Serious_Injuries
12080,Significant_Damage_And_Serious_Injuries
12086,Significant_Damage_And_Serious_Injuries
12096,Significant_Damage_And_Serious_Injuries
12105,Significant_Damage_And_Serious_Injuries
12106,Significant_Damage_And_Serious_Injuries
12107,Significant_Damage_And_Serious_Injuries
12121,Significant_Damage_And_Fatalities
12125,Significant_Damage_And_Fatalities
12133,Significant_Damage_And_Fatalities
12134,Minor_Damage_And_Injuries
12150,Highly_Fatal_And_Damaging
12152,Minor_Damage_And_Injuries
12163,Minor_Damage_And_Injuries
12173,Highly_Fatal_And_Damaging
12186,Significant_Damage_And_Fatalities
12188,Minor_Damage_And_Injuries
12191,Minor_Damage_And_Injuries
12193,Highly_Fatal_And_Damaging
12196,Minor_Damage_And_Injuries
12198,Minor_Damage_And_Injuries
12222,Minor_Damage_And_Injuries
12224,Minor_Damage_And_Injuries
12225,Highly_Fatal_And_Damaging
12229,Highly_Fatal_And_Damaging
12234,Minor_Damage_And_Injuries
12235,Highly_Fatal_And_Damaging
12236,Significant_Damage_And_Fatalities
12246,Significant_Damage_And_Fatalities
12250,Significant_Damage_And_Serious_Injuries
12263,Highly_Fatal_And_Damaging
12264,Minor_Damage_And_Injuries
12269,Highly_Fatal_And_Damaging
12277,Minor_Damage_And_Injuries
12292,Significant_Damage_And_Fatalities
12310,Significant_Damage_And_Serious_Injuries
12318,Highly_Fatal_And_Damaging
12329,Significant_Damage_And_Serious_Injuries
12332,Minor_Damage_And_Injuries
12340,Minor_Damage_And_Injuries
12346,Highly_Fatal_And_Damaging
12353,Minor_Damage_And_Injuries
12354,Highly_Fatal_And_Damaging
12356,Significant_Damage_And_Serious_Injuries
12366,Significant_Damage_And_Fatalities
12367,Highly_Fatal_And_Damaging
12378,Significant_Damage_And_Serious_Injuries
12389,Minor_Damage_And_Injuries
12390,Significant_Damage_And_Serious_Injuries
12402,Minor_Damage_And_Injuries
12406,Minor_Damage_And_Injuries
12412,Highly_Fatal_And_Damaging
12413,Highly_Fatal_And_Damaging
12415,Significant_Damage_And_Serious_Injuries
12420,Highly_Fatal_And_Damaging
12423,Significant_Damage_And_Serious_Injuries
12432,Significant_Damage_And_Serious_Injuries
12433,Highly_Fatal_And_Damaging
12435,Highly_Fatal_And_Damaging
12436,Significant_Damage_And_Serious_Injuries
12437,Highly_Fatal_And_Damaging
12438,Significant_Damage_And_Serious_Injuries
12442,Significant_Damage_And_Serious_Injuries
12444,Highly_Fatal_And_Damaging
12446,Significant_Damage_And_Serious_Injuries
12461,Significant_Damage_And_Fatalities
12473,Minor_Damage_And_Injuries
12474,Highly_Fatal_And_Damaging
12476,Minor_Damage_And_Injuries
12484,Highly_Fatal_And_Damaging
12487,Significant_Damage_And_Serious_Injuries
12488,Significant_Damage_And_Serious_Injuries
12491,Significant_Damage_And_Serious_Injuries
12493,Highly_Fatal_And_Damaging
